config_hash,task_pool_id,wireless_index,wireless_seed,resource_scenario,workload_capacity_fraction,memory_available_gb_config,algorithm_seed,quantized_objective,continuous_objective_of_quantized_strategy,k_offload,delta_q,delta_v_gb,states_created,states_pruned,pruning_rate,peak_live_states,peak_python_memory_mb,runtime_seconds,claim
06ac6393eee7a87a46f65b36cf9d1863821846f32cd08b7f9dd84710f2fa08a1,1,0,20270729,abundant,1.0,13.0,20261729,228.63791232671983,228.54203053411447,17,0.1,0.1,294111,178306,0.6062541013426903,473,0.2185802459716797,8.79632295796182,quantized_global_optimum_not_continuous_global_optimum
06ac6393eee7a87a46f65b36cf9d1863821846f32cd08b7f9dd84710f2fa08a1,1,0,20270729,moderate,0.6,5.0,20261729,230.20713178459317,230.02051763123038,15,0.1,0.1,41466,30491,0.7353253267737423,202,0.04618644714355469,1.230441665975377,quantized_global_optimum_not_continuous_global_optimum
06ac6393eee7a87a46f65b36cf9d1863821846f32cd08b7f9dd84710f2fa08a1,1,0,20270729,highly_constrained,0.3,2.0,20261729,233.95784667482812,233.86848808335432,7,0.1,0.1,6211,5283,0.8505876670423442,82,0.021081924438476562,0.21620729204732925,quantized_global_optimum_not_continuous_global_optimum
06ac6393eee7a87a46f65b36cf9d1863821846f32cd08b7f9dd84710f2fa08a1,1,1,20270826,abundant,1.0,13.0,20261730,229.69112395223078,229.59898389142276,17,0.1,0.1,269461,164135,0.6091233981912039,422,0.10325813293457031,7.0504170410567895,quantized_global_optimum_not_continuous_global_optimum
06ac6393eee7a87a46f65b36cf9d1863821846f32cd08b7f9dd84710f2fa08a1,1,1,20270826,moderate,0.6,5.0,20261730,231.084046591122,230.90864468499575,15,0.1,0.1,33402,25552,0.7649841326866654,152,0.03812599182128906,0.9946722920285538,quantized_global_optimum_not_continuous_global_optimum
06ac6393eee7a87a46f65b36cf9d1863821846f32cd08b7f9dd84710f2fa08a1,1,1,20270826,highly_constrained,0.3,2.0,20261730,235.25174874961692,235.15689506205348,7,0.1,0.1,5829,5108,0.8763081145994167,71,0.020972251892089844,0.18428220797795802,quantized_global_optimum_not_continuous_global_optimum
06ac6393eee7a87a46f65b36cf9d1863821846f32cd08b7f9dd84710f2fa08a1,1,2,20270923,abundant,1.0,13.0,20261731,229.94663714693945,229.85881491547156,17,0.1,0.1,299378,174624,0.5832893532590905,406,0.11026573181152344,7.35140283301007,quantized_global_optimum_not_continuous_global_optimum
06ac6393eee7a87a46f65b36cf9d1863821846f32cd08b7f9dd84710f2fa08a1,1,2,20270923,moderate,0.6,5.0,20261731,231.14468497362304,231.00655669777873,14,0.1,0.1,39891,27410,0.6871224085633351,225,0.05167961120605469,1.1221854579634964,quantized_global_optimum_not_continuous_global_optimum
06ac6393eee7a87a46f65b36cf9d1863821846f32cd08b7f9dd84710f2fa08a1,1,2,20270923,highly_constrained,0.3,2.0,20261731,233.865195519421,233.7817855382075,7,0.1,0.1,5337,4368,0.8184373243395165,70,0.020616531372070312,0.18486404209397733,quantized_global_optimum_not_continuous_global_optimum
06ac6393eee7a87a46f65b36cf9d1863821846f32cd08b7f9dd84710f2fa08a1,1,3,20271020,abundant,1.0,13.0,20261732,229.67582941747088,229.5997255840793,16,0.1,0.1,351357,199963,0.5691163118992933,513,0.14377784729003906,9.03788533306215,quantized_global_optimum_not_continuous_global_optimum
06ac6393eee7a87a46f65b36cf9d1863821846f32cd08b7f9dd84710f2fa08a1,1,3,20271020,moderate,0.6,5.0,20261732,230.8217710772304,230.69058444789286,14,0.1,0.1,47990,33452,0.6970618878933111,266,0.05495643615722656,1.411298666964285,quantized_global_optimum_not_continuous_global_optimum
06ac6393eee7a87a46f65b36cf9d1863821846f32cd08b7f9dd84710f2fa08a1,1,3,20271020,highly_constrained,0.3,2.0,20261732,234.21090764946027,234.12749766824675,7,0.1,0.1,6681,5368,0.8034725340517886,93,0.025674819946289062,0.23893087508622557,quantized_global_optimum_not_continuous_global_optimum
06ac6393eee7a87a46f65b36cf9d1863821846f32cd08b7f9dd84710f2fa08a1,1,4,20271117,abundant,1.0,13.0,20261733,230.7601729747543,230.7008541717921,15,0.1,0.1,286761,170587,0.5948751747971307,386,0.10142707824707031,7.050950708100572,quantized_global_optimum_not_continuous_global_optimum
06ac6393eee7a87a46f65b36cf9d1863821846f32cd08b7f9dd84710f2fa08a1,1,4,20271117,moderate,0.6,5.0,20261733,231.75158290545323,231.62861598806515,14,0.1,0.1,36223,25783,0.7117853297628578,148,0.03983497619628906,1.0272302500670776,quantized_global_optimum_not_continuous_global_optimum
06ac6393eee7a87a46f65b36cf9d1863821846f32cd08b7f9dd84710f2fa08a1,1,4,20271117,highly_constrained,0.3,2.0,20261733,234.74145973051384,234.62716747776972,8,0.1,0.1,5064,4210,0.8313586097946287,58,0.018571853637695312,0.1772159580141306,quantized_global_optimum_not_continuous_global_optimum
06ac6393eee7a87a46f65b36cf9d1863821846f32cd08b7f9dd84710f2fa08a1,1,5,20271214,abundant,1.0,13.0,20261734,229.57048163457026,229.49054060054428,17,0.1,0.1,319731,195110,0.6102317260447063,447,0.11479377746582031,8.130566416075453,quantized_global_optimum_not_continuous_global_optimum
06ac6393eee7a87a46f65b36cf9d1863821846f32cd08b7f9dd84710f2fa08a1,1,5,20271214,moderate,0.6,5.0,20261734,230.79160746537207,230.668640547984,14,0.1,0.1,42327,30909,0.7302431072365158,197,0.04772377014160156,1.1789245000109076,quantized_global_optimum_not_continuous_global_optimum
06ac6393eee7a87a46f65b36cf9d1863821846f32cd08b7f9dd84710f2fa08a1,1,5,20271214,highly_constrained,0.3,2.0,20261734,233.89728112412377,233.82299421363814,7,0.1,0.1,6151,5057,0.8221427410177207,85,0.023588180541992188,0.2093738749390468,quantized_global_optimum_not_continuous_global_optimum
06ac6393eee7a87a46f65b36cf9d1863821846f32cd08b7f9dd84710f2fa08a1,1,6,20271311,abundant,1.0,13.0,20261735,230.51836430675783,230.4305420752899,17,0.1,0.1,376115,212963,0.5662177791367002,518,0.12604331970214844,9.274716333951801,quantized_global_optimum_not_continuous_global_optimum
06ac6393eee7a87a46f65b36cf9d1863821846f32cd08b7f9dd84710f2fa08a1,1,6,20271311,moderate,0.6,5.0,20261735,231.8467159522694,231.70858767642514,14,0.1,0.1,48571,34075,0.7015503077968335,265,0.05735206604003906,1.4052666670177132,quantized_global_optimum_not_continuous_global_optimum
06ac6393eee7a87a46f65b36cf9d1863821846f32cd08b7f9dd84710f2fa08a1,1,6,20271311,highly_constrained,0.3,2.0,20261735,235.11552257573,235.0261639842562,7,0.1,0.1,6368,5551,0.8717022613065326,76,0.021009445190429688,0.2311226250603795,quantized_global_optimum_not_continuous_global_optimum
06ac6393eee7a87a46f65b36cf9d1863821846f32cd08b7f9dd84710f2fa08a1,1,7,20271408,abundant,1.0,13.0,20261736,229.0536013842663,228.9657791527984,17,0.1,0.1,460750,276305,0.5996852957135106,640,0.28193092346191406,11.681282416917384,quantized_global_optimum_not_continuous_global_optimum
06ac6393eee7a87a46f65b36cf9d1863821846f32cd08b7f9dd84710f2fa08a1,1,7,20271408,moderate,0.6,5.0,20261736,230.37495431380373,230.23682603795942,14,0.1,0.1,55391,39342,0.7102597894964886,262,0.06156349182128906,1.5273089170223102,quantized_global_optimum_not_continuous_global_optimum
06ac6393eee7a87a46f65b36cf9d1863821846f32cd08b7f9dd84710f2fa08a1,1,7,20271408,highly_constrained,0.3,2.0,20261736,233.48048071156805,233.41235245055668,7,0.1,0.1,6396,5131,0.8022201375859912,73,0.021131515502929688,0.22601454192772508,quantized_global_optimum_not_continuous_global_optimum
06ac6393eee7a87a46f65b36cf9d1863821846f32cd08b7f9dd84710f2fa08a1,1,8,20271505,abundant,1.0,13.0,20261737,230.9546298233083,230.8785259899167,16,0.1,0.1,286066,169193,0.5914474282158663,459,0.10483741760253906,8.226332333986647,quantized_global_optimum_not_continuous_global_optimum
06ac6393eee7a87a46f65b36cf9d1863821846f32cd08b7f9dd84710f2fa08a1,1,8,20271505,moderate,0.6,5.0,20261737,232.12288643344283,231.98475815759855,14,0.1,0.1,43656,26675,0.6110271211288254,389,0.08194541931152344,1.4057711249915883,quantized_global_optimum_not_continuous_global_optimum
06ac6393eee7a87a46f65b36cf9d1863821846f32cd08b7f9dd84710f2fa08a1,1,8,20271505,highly_constrained,0.3,2.0,20261737,234.837201330664,234.75379134945044,7,0.1,0.1,4922,3716,0.7549776513612353,81,0.022958755493164062,0.18902595795225352,quantized_global_optimum_not_continuous_global_optimum
06ac6393eee7a87a46f65b36cf9d1863821846f32cd08b7f9dd84710f2fa08a1,1,9,20271602,abundant,1.0,13.0,20261738,230.27438102598668,230.19096254186417,17,0.1,0.1,390546,215877,0.5527569095573889,536,0.1596202850341797,9.871343249920756,quantized_global_optimum_not_continuous_global_optimum
06ac6393eee7a87a46f65b36cf9d1863821846f32cd08b7f9dd84710f2fa08a1,1,9,20271602,moderate,0.6,5.0,20261738,231.7370838564799,231.57699789777882,15,0.1,0.1,56231,35227,0.6264693852145614,307,0.06827735900878906,1.619488833937794,quantized_global_optimum_not_continuous_global_optimum
06ac6393eee7a87a46f65b36cf9d1863821846f32cd08b7f9dd84710f2fa08a1,1,9,20271602,highly_constrained,0.3,2.0,20261738,235.26512088540667,235.18171090419318,7,0.1,0.1,5825,4254,0.7303004291845494,91,0.025011062622070312,0.23834070900920779,quantized_global_optimum_not_continuous_global_optimum
06ac6393eee7a87a46f65b36cf9d1863821846f32cd08b7f9dd84710f2fa08a1,2,0,20280729,abundant,1.0,13.0,20262729,243.84472478812975,243.78068071831314,19,0.1,0.1,364992,255417,0.6997879405576013,472,0.11368751525878906,8.816025792039,quantized_global_optimum_not_continuous_global_optimum
06ac6393eee7a87a46f65b36cf9d1863821846f32cd08b7f9dd84710f2fa08a1,2,0,20280729,moderate,0.6,5.0,20262729,245.3832092436141,245.28240260111932,14,0.1,0.1,77384,63427,0.8196397188049209,222,0.05495643615722656,1.9761362500721589,quantized_global_optimum_not_continuous_global_optimum
06ac6393eee7a87a46f65b36cf9d1863821846f32cd08b7f9dd84710f2fa08a1,2,0,20280729,highly_constrained,0.3,2.0,20262729,248.7885304098548,248.7168329005684,7,0.1,0.1,13163,10597,0.805059636860898,131,0.03126716613769531,0.4240599579643458,quantized_global_optimum_not_continuous_global_optimum
06ac6393eee7a87a46f65b36cf9d1863821846f32cd08b7f9dd84710f2fa08a1,2,1,20280826,abundant,1.0,13.0,20262730,242.15986720053158,242.11656756107186,17,0.1,0.1,486341,317582,0.6530027285382067,682,0.2927417755126953,11.488086792058311,quantized_global_optimum_not_continuous_global_optimum
06ac6393eee7a87a46f65b36cf9d1863821846f32cd08b7f9dd84710f2fa08a1,2,1,20280826,moderate,0.6,5.0,20262730,243.52435290007062,243.4398544618705,15,0.1,0.1,75946,60395,0.7952360887999368,281,0.06328010559082031,1.8672209579963237,quantized_global_optimum_not_continuous_global_optimum
06ac6393eee7a87a46f65b36cf9d1863821846f32cd08b7f9dd84710f2fa08a1,2,1,20280826,highly_constrained,0.3,2.0,20262730,247.41760772243768,247.36894703164538,7,0.1,0.1,11809,9934,0.8412227961724109,85,0.023614883422851562,0.33113258401863277,quantized_global_optimum_not_continuous_global_optimum
06ac6393eee7a87a46f65b36cf9d1863821846f32cd08b7f9dd84710f2fa08a1,2,2,20280923,abundant,1.0,13.0,20262731,242.78445172313744,242.7289530568957,17,0.1,0.1,547633,339474,0.6198932496763343,734,0.30593013763427734,13.736544416984543,quantized_global_optimum_not_continuous_global_optimum
06ac6393eee7a87a46f65b36cf9d1863821846f32cd08b7f9dd84710f2fa08a1,2,2,20280923,moderate,0.6,5.0,20262731,244.05893252574512,243.9843623201368,14,0.1,0.1,86070,66162,0.7686998954339491,324,0.07742118835449219,2.264714292017743,quantized_global_optimum_not_continuous_global_optimum
06ac6393eee7a87a46f65b36cf9d1863821846f32cd08b7f9dd84710f2fa08a1,2,2,20280923,highly_constrained,0.3,2.0,20262731,247.45299304804283,247.3812955387564,7,0.1,0.1,11843,9715,0.8203157983619015,110,0.02712535858154297,0.37945316603872925,quantized_global_optimum_not_continuous_global_optimum
06ac6393eee7a87a46f65b36cf9d1863821846f32cd08b7f9dd84710f2fa08a1,2,3,20281020,abundant,1.0,13.0,20262732,243.37908788806683,243.31651033554422,17,0.1,0.1,487103,321552,0.6601314301082112,766,0.33216285705566406,12.046509374980815,quantized_global_optimum_not_continuous_global_optimum
06ac6393eee7a87a46f65b36cf9d1863821846f32cd08b7f9dd84710f2fa08a1,2,3,20281020,moderate,0.6,5.0,20262732,244.88053400512587,244.75458509301976,15,0.1,0.1,80825,64076,0.7927745128363749,263,0.061171531677246094,2.030533125041984,quantized_global_optimum_not_continuous_global_optimum
06ac6393eee7a87a46f65b36cf9d1863821846f32cd08b7f9dd84710f2fa08a1,2,3,20281020,highly_constrained,0.3,2.0,20262732,248.3905578547405,248.31886034545408,7,0.1,0.1,13164,10754,0.8169249468246733,118,0.029471397399902344,0.3939950839849189,quantized_global_optimum_not_continuous_global_optimum
06ac6393eee7a87a46f65b36cf9d1863821846f32cd08b7f9dd84710f2fa08a1,2,4,20281117,abundant,1.0,13.0,20262733,243.31497274050824,243.2595968824154,16,0.1,0.1,526169,337965,0.6423126409955736,941,0.41036415100097656,13.58068795897998,quantized_global_optimum_not_continuous_global_optimum
06ac6393eee7a87a46f65b36cf9d1863821846f32cd08b7f9dd84710f2fa08a1,2,4,20281117,moderate,0.6,5.0,20262733,244.56874862854667,244.4627208263715,14,0.1,0.1,90275,72062,0.7982497923013016,299,0.07319927215576172,2.4004379579564556,quantized_global_optimum_not_continuous_global_optimum
06ac6393eee7a87a46f65b36cf9d1863821846f32cd08b7f9dd84710f2fa08a1,2,4,20281117,highly_constrained,0.3,2.0,20262733,248.32913107128508,248.25743356199865,7,0.1,0.1,13819,11118,0.8045444677617772,138,0.03330421447753906,0.43101050006225705,quantized_global_optimum_not_continuous_global_optimum
06ac6393eee7a87a46f65b36cf9d1863821846f32cd08b7f9dd84710f2fa08a1,2,5,20281214,abundant,1.0,13.0,20262734,242.8808248519352,242.82890213383237,17,0.1,0.1,621297,384471,0.6188199846450249,987,0.43563365936279297,14.578483417048119,quantized_global_optimum_not_continuous_global_optimum
06ac6393eee7a87a46f65b36cf9d1863821846f32cd08b7f9dd84710f2fa08a1,2,5,20281214,moderate,0.6,5.0,20262734,244.19143239339138,244.103160268752,14,0.1,0.1,93555,72271,0.7724974613863502,299,0.07199287414550781,2.185484708053991,quantized_global_optimum_not_continuous_global_optimum
06ac6393eee7a87a46f65b36cf9d1863821846f32cd08b7f9dd84710f2fa08a1,2,5,20281214,highly_constrained,0.3,2.0,20262734,247.8898700150172,247.8412093242249,7,0.1,0.1,14161,11446,0.8082762516771415,107,0.027803421020507812,0.3757567909779027,quantized_global_optimum_not_continuous_global_optimum
06ac6393eee7a87a46f65b36cf9d1863821846f32cd08b7f9dd84710f2fa08a1,2,6,20281311,abundant,1.0,13.0,20262735,243.90781332919394,243.85721825296454,16,0.1,0.1,494623,325252,0.6575755676545572,717,0.3185863494873047,12.216201875009574,quantized_global_optimum_not_continuous_global_optimum
06ac6393eee7a87a46f65b36cf9d1863821846f32cd08b7f9dd84710f2fa08a1,2,6,20281311,moderate,0.6,5.0,20262735,244.9991140932609,244.92546032847147,13,0.1,0.1,84163,68764,0.8170336133455319,288,0.06875801086425781,2.138075708062388,quantized_global_optimum_not_continuous_global_optimum
06ac6393eee7a87a46f65b36cf9d1863821846f32cd08b7f9dd84710f2fa08a1,2,6,20281311,highly_constrained,0.3,2.0,20262735,248.11565005224008,248.0780355971498,6,0.1,0.1,12970,11067,0.8532767925983038,129,0.03141593933105469,0.40165037498809397,quantized_global_optimum_not_continuous_global_optimum
06ac6393eee7a87a46f65b36cf9d1863821846f32cd08b7f9dd84710f2fa08a1,2,7,20281408,abundant,1.0,13.0,20262736,244.6784901591909,244.63866076401214,13,0.1,0.1,562086,354551,0.6307771408645652,952,0.41115379333496094,14.775642083957791,quantized_global_optimum_not_continuous_global_optimum
06ac6393eee7a87a46f65b36cf9d1863821846f32cd08b7f9dd84710f2fa08a1,2,7,20281408,moderate,0.6,5.0,20262736,245.52303591548994,245.44082903711754,12,0.1,0.1,97185,76048,0.782507588619643,364,0.08243751525878906,2.536636749980971,quantized_global_optimum_not_continuous_global_optimum
06ac6393eee7a87a46f65b36cf9d1863821846f32cd08b7f9dd84710f2fa08a1,2,7,20281408,highly_constrained,0.3,2.0,20262736,248.35737101522068,248.30834009109816,6,0.1,0.1,14072,11235,0.7983939738487777,130,0.03270149230957031,0.4486989169381559,quantized_global_optimum_not_continuous_global_optimum
06ac6393eee7a87a46f65b36cf9d1863821846f32cd08b7f9dd84710f2fa08a1,2,8,20281505,abundant,1.0,13.0,20262737,244.02341655531765,243.96804069722484,16,0.1,0.1,457126,300118,0.6565323346298395,662,0.2837047576904297,11.50872966600582,quantized_global_optimum_not_continuous_global_optimum
06ac6393eee7a87a46f65b36cf9d1863821846f32cd08b7f9dd84710f2fa08a1,2,8,20281505,moderate,0.6,5.0,20262737,245.2034164859589,245.11102667013841,14,0.1,0.1,84966,68126,0.8018030741708448,291,0.06616783142089844,2.2103916669730097,quantized_global_optimum_not_continuous_global_optimum
06ac6393eee7a87a46f65b36cf9d1863821846f32cd08b7f9dd84710f2fa08a1,2,8,20281505,highly_constrained,0.3,2.0,20262737,248.76668975834193,248.69499224905547,7,0.1,0.1,13305,10882,0.8178880120255543,118,0.029996871948242188,0.4099677089834586,quantized_global_optimum_not_continuous_global_optimum
06ac6393eee7a87a46f65b36cf9d1863821846f32cd08b7f9dd84710f2fa08a1,2,9,20281602,abundant,1.0,13.0,20262738,241.8950881394658,241.83619161944452,16,0.1,0.1,742003,426539,0.5748480801290561,1200,0.5023441314697266,20.744864832959138,quantized_global_optimum_not_continuous_global_optimum
06ac6393eee7a87a46f65b36cf9d1863821846f32cd08b7f9dd84710f2fa08a1,2,9,20281602,moderate,0.6,5.0,20262738,243.2665122478816,243.1489599299159,14,0.1,0.1,104389,77659,0.7439385375853778,452,0.09976863861083984,3.184104499989189,quantized_global_optimum_not_continuous_global_optimum
06ac6393eee7a87a46f65b36cf9d1863821846f32cd08b7f9dd84710f2fa08a1,2,9,20281602,highly_constrained,0.3,2.0,20262738,247.70299434011963,247.63129683083318,7,0.1,0.1,13930,10857,0.7793969849246232,136,0.03215980529785156,0.4583904159953818,quantized_global_optimum_not_continuous_global_optimum
06ac6393eee7a87a46f65b36cf9d1863821846f32cd08b7f9dd84710f2fa08a1,3,0,20290729,abundant,1.0,13.0,20263729,232.47232254768403,232.35282883494835,18,0.1,0.1,318142,195323,0.613949117060935,471,0.11525917053222656,8.063676208024845,quantized_global_optimum_not_continuous_global_optimum
06ac6393eee7a87a46f65b36cf9d1863821846f32cd08b7f9dd84710f2fa08a1,3,0,20290729,moderate,0.6,5.0,20263729,233.72633411395762,233.53456418734638,15,0.1,0.1,53708,43863,0.8166939748268415,229,0.05204200744628906,1.4121885829372332,quantized_global_optimum_not_continuous_global_optimum
06ac6393eee7a87a46f65b36cf9d1863821846f32cd08b7f9dd84710f2fa08a1,3,0,20290729,highly_constrained,0.3,2.0,20263729,237.54689622592173,237.4414194982428,8,0.1,0.1,12260,10864,0.8861337683523655,124,0.028200149536132812,0.3241350830066949,quantized_global_optimum_not_continuous_global_optimum
06ac6393eee7a87a46f65b36cf9d1863821846f32cd08b7f9dd84710f2fa08a1,3,1,20290826,abundant,1.0,13.0,20263730,233.11701719969167,233.0162172432192,17,0.1,0.1,327707,195210,0.5956845596828875,431,0.11035728454589844,7.81250437500421,quantized_global_optimum_not_continuous_global_optimum
06ac6393eee7a87a46f65b36cf9d1863821846f32cd08b7f9dd84710f2fa08a1,3,1,20290826,moderate,0.6,5.0,20263730,234.40508450906464,234.23652303890916,15,0.1,0.1,56278,44808,0.7961903408081311,235,0.04767036437988281,1.4968432920286432,quantized_global_optimum_not_continuous_global_optimum
06ac6393eee7a87a46f65b36cf9d1863821846f32cd08b7f9dd84710f2fa08a1,3,1,20290826,highly_constrained,0.3,2.0,20263730,237.63172657909044,237.53943444237137,7,0.1,0.1,11822,10431,0.8823380138724413,107,0.025832176208496094,0.3414447919931263,quantized_global_optimum_not_continuous_global_optimum
06ac6393eee7a87a46f65b36cf9d1863821846f32cd08b7f9dd84710f2fa08a1,3,2,20290923,abundant,1.0,13.0,20263731,233.12229785197968,233.01138845459815,18,0.1,0.1,359778,193437,0.5376565548755066,627,0.23702430725097656,9.195365249994211,quantized_global_optimum_not_continuous_global_optimum
06ac6393eee7a87a46f65b36cf9d1863821846f32cd08b7f9dd84710f2fa08a1,3,2,20290923,moderate,0.6,5.0,20263731,234.4217407081716,234.26298182298785,15,0.1,0.1,48925,39141,0.800020439448135,257,0.05310249328613281,1.336185917025432,quantized_global_optimum_not_continuous_global_optimum
06ac6393eee7a87a46f65b36cf9d1863821846f32cd08b7f9dd84710f2fa08a1,3,2,20290923,highly_constrained,0.3,2.0,20263731,237.7311740036245,237.61251268498572,9,0.1,0.1,10163,9240,0.9091803601298829,60,0.018523216247558594,0.27692049997858703,quantized_global_optimum_not_continuous_global_optimum
06ac6393eee7a87a46f65b36cf9d1863821846f32cd08b7f9dd84710f2fa08a1,3,3,20291020,abundant,1.0,13.0,20263732,234.11002212001446,234.01320597838313,17,0.1,0.1,317705,193280,0.6083631041374861,444,0.10941505432128906,7.746452583000064,quantized_global_optimum_not_continuous_global_optimum
06ac6393eee7a87a46f65b36cf9d1863821846f32cd08b7f9dd84710f2fa08a1,3,3,20291020,moderate,0.6,5.0,20263732,235.34580870428118,235.16678081020046,15,0.1,0.1,55256,43804,0.7927464890690604,212,0.04814720153808594,1.448431541910395,quantized_global_optimum_not_continuous_global_optimum
06ac6393eee7a87a46f65b36cf9d1863821846f32cd08b7f9dd84710f2fa08a1,3,3,20291020,highly_constrained,0.3,2.0,20263732,238.3846334107057,238.2731284380217,8,0.1,0.1,11716,10727,0.9155855240696483,68,0.020395278930664062,0.2963673750637099,quantized_global_optimum_not_continuous_global_optimum
06ac6393eee7a87a46f65b36cf9d1863821846f32cd08b7f9dd84710f2fa08a1,3,4,20291117,abundant,1.0,13.0,20263733,235.4422535126553,235.3905250264367,14,0.1,0.1,378816,216550,0.5716495607366109,529,0.1472492218017578,8.821837374940515,quantized_global_optimum_not_continuous_global_optimum
06ac6393eee7a87a46f65b36cf9d1863821846f32cd08b7f9dd84710f2fa08a1,3,4,20291117,moderate,0.6,5.0,20263733,236.13928373303298,236.04124781253552,13,0.1,0.1,55739,41672,0.7476273345413444,225,0.05536079406738281,1.4818495840299875,quantized_global_optimum_not_continuous_global_optimum
06ac6393eee7a87a46f65b36cf9d1863821846f32cd08b7f9dd84710f2fa08a1,3,4,20291117,highly_constrained,0.3,2.0,20263733,238.31671987385334,238.22871978925824,8,0.1,0.1,10719,9020,0.841496408247038,90,0.022569656372070312,0.3317450829781592,quantized_global_optimum_not_continuous_global_optimum
06ac6393eee7a87a46f65b36cf9d1863821846f32cd08b7f9dd84710f2fa08a1,3,5,20291214,abundant,1.0,13.0,20263734,234.25744899299067,234.1465395956091,18,0.1,0.1,388799,232344,0.597594129614531,528,0.1570720672607422,9.850019583012909,quantized_global_optimum_not_continuous_global_optimum
06ac6393eee7a87a46f65b36cf9d1863821846f32cd08b7f9dd84710f2fa08a1,3,5,20291214,moderate,0.6,5.0,20263734,235.6648151263005,235.45484917971964,16,0.1,0.1,66015,52374,0.7933651442853897,290,0.06325340270996094,1.9292589160613716,quantized_global_optimum_not_continuous_global_optimum
06ac6393eee7a87a46f65b36cf9d1863821846f32cd08b7f9dd84710f2fa08a1,3,5,20291214,highly_constrained,0.3,2.0,20263734,239.68248095957492,239.57116513237457,9,0.1,0.1,11852,10046,0.8476206547418157,108,0.024595260620117188,0.41356408305000514,quantized_global_optimum_not_continuous_global_optimum
06ac6393eee7a87a46f65b36cf9d1863821846f32cd08b7f9dd84710f2fa08a1,3,6,20291311,abundant,1.0,13.0,20263735,233.70903048237355,233.60676086346842,18,0.1,0.1,373238,216244,0.5793729470203999,488,0.12347221374511719,9.24014604196418,quantized_global_optimum_not_continuous_global_optimum
06ac6393eee7a87a46f65b36cf9d1863821846f32cd08b7f9dd84710f2fa08a1,3,6,20291311,moderate,0.6,5.0,20263735,235.13609203064553,234.97415387390546,15,0.1,0.1,52861,42386,0.80183878473733,254,0.05194664001464844,1.4531077910214663,quantized_global_optimum_not_continuous_global_optimum
06ac6393eee7a87a46f65b36cf9d1863821846f32cd08b7f9dd84710f2fa08a1,3,6,20291311,highly_constrained,0.3,2.0,20263735,238.52634119025504,238.4273937882992,8,0.1,0.1,11146,9820,0.8810335546384354,104,0.023706436157226562,0.30728470894973725,quantized_global_optimum_not_continuous_global_optimum
06ac6393eee7a87a46f65b36cf9d1863821846f32cd08b7f9dd84710f2fa08a1,3,7,20291408,abundant,1.0,13.0,20263736,233.8433344154953,233.7413694255,18,0.1,0.1,355625,213685,0.6008717047451669,473,0.12249183654785156,8.531523999990895,quantized_global_optimum_not_continuous_global_optimum
06ac6393eee7a87a46f65b36cf9d1863821846f32cd08b7f9dd84710f2fa08a1,3,7,20291408,moderate,0.6,5.0,20263736,235.3195457516584,235.1543235297915,15,0.1,0.1,56998,41130,0.7216042668163796,260,0.05455589294433594,1.5636820410145447,quantized_global_optimum_not_continuous_global_optimum
06ac6393eee7a87a46f65b36cf9d1863821846f32cd08b7f9dd84710f2fa08a1,3,7,20291408,highly_constrained,0.3,2.0,20263736,238.97740324310863,238.8855293045017,8,0.1,0.1,9007,7449,0.827023426224048,83,0.020605087280273438,0.2897545419400558,quantized_global_optimum_not_continuous_global_optimum
06ac6393eee7a87a46f65b36cf9d1863821846f32cd08b7f9dd84710f2fa08a1,3,8,20291505,abundant,1.0,13.0,20263737,234.89015083939577,234.79333469776444,17,0.1,0.1,355295,204202,0.5747393011441196,547,0.1674518585205078,8.671333624981344,quantized_global_optimum_not_continuous_global_optimum
06ac6393eee7a87a46f65b36cf9d1863821846f32cd08b7f9dd84710f2fa08a1,3,8,20291505,moderate,0.6,5.0,20263737,236.19083842885556,236.0118105347748,15,0.1,0.1,49093,37976,0.7735522375898805,189,0.04799842834472656,1.374324542004615,quantized_global_optimum_not_continuous_global_optimum
06ac6393eee7a87a46f65b36cf9d1863821846f32cd08b7f9dd84710f2fa08a1,3,8,20291505,highly_constrained,0.3,2.0,20263737,239.27043866040782,239.1374617128397,9,0.1,0.1,8622,7323,0.8493389004871259,62,0.018033981323242188,0.2743909159908071,quantized_global_optimum_not_continuous_global_optimum
06ac6393eee7a87a46f65b36cf9d1863821846f32cd08b7f9dd84710f2fa08a1,3,9,20291602,abundant,1.0,13.0,20263738,234.13370616036403,234.02286083663205,18,0.1,0.1,282928,175377,0.6198644178024091,463,0.11795997619628906,7.118673541001044,quantized_global_optimum_not_continuous_global_optimum
06ac6393eee7a87a46f65b36cf9d1863821846f32cd08b7f9dd84710f2fa08a1,3,9,20291602,moderate,0.6,5.0,20263738,235.58506461363407,235.412800978746,15,0.1,0.1,43701,35908,0.8216745612228553,176,0.04507637023925781,1.1666282090591267,quantized_global_optimum_not_continuous_global_optimum
06ac6393eee7a87a46f65b36cf9d1863821846f32cd08b7f9dd84710f2fa08a1,3,9,20291602,highly_constrained,0.3,2.0,20263738,238.5863659149918,238.48741851303592,8,0.1,0.1,9147,8501,0.9293757516125506,52,0.017480850219726562,0.23658845899626613,quantized_global_optimum_not_continuous_global_optimum
06ac6393eee7a87a46f65b36cf9d1863821846f32cd08b7f9dd84710f2fa08a1,4,0,20300729,abundant,1.0,13.0,20264729,267.1531904435071,267.08829530209726,14,0.1,0.1,531308,271028,0.5101146604229562,893,0.3878002166748047,15.599176541902125,quantized_global_optimum_not_continuous_global_optimum
06ac6393eee7a87a46f65b36cf9d1863821846f32cd08b7f9dd84710f2fa08a1,4,0,20300729,moderate,0.6,5.0,20264729,268.08952024575933,267.95905095645315,13,0.1,0.1,50108,34558,0.6896703121258082,394,0.06915473937988281,1.9370551250176504,quantized_global_optimum_not_continuous_global_optimum
06ac6393eee7a87a46f65b36cf9d1863821846f32cd08b7f9dd84710f2fa08a1,4,0,20300729,highly_constrained,0.3,2.0,20264729,273.49183597817125,273.4420169371869,6,0.1,0.1,5723,4230,0.7391228376725494,100,0.022195816040039062,0.26684954098891467,quantized_global_optimum_not_continuous_global_optimum
06ac6393eee7a87a46f65b36cf9d1863821846f32cd08b7f9dd84710f2fa08a1,4,1,20300826,abundant,1.0,13.0,20264730,266.9912772024059,266.96716739394867,11,0.1,0.1,689933,338409,0.4904954539063938,1072,0.47304344177246094,19.284862458938733,quantized_global_optimum_not_continuous_global_optimum
06ac6393eee7a87a46f65b36cf9d1863821846f32cd08b7f9dd84710f2fa08a1,4,1,20300826,moderate,0.6,5.0,20264730,267.540661916027,267.5047411585525,10,0.1,0.1,56869,33827,0.59482319013874,296,0.06106376647949219,1.9428635409567505,quantized_global_optimum_not_continuous_global_optimum
06ac6393eee7a87a46f65b36cf9d1863821846f32cd08b7f9dd84710f2fa08a1,4,1,20300826,highly_constrained,0.3,2.0,20264730,272.7923942726576,272.7809600337598,5,0.1,0.1,4256,3155,0.7413063909774437,73,0.019342422485351562,0.2203399590216577,quantized_global_optimum_not_continuous_global_optimum
06ac6393eee7a87a46f65b36cf9d1863821846f32cd08b7f9dd84710f2fa08a1,4,2,20300923,abundant,1.0,13.0,20264731,263.5808811674313,263.52164723301496,14,0.1,0.1,724297,396477,0.5473956125732952,1130,0.4951343536376953,19.534942666999996,quantized_global_optimum_not_continuous_global_optimum
06ac6393eee7a87a46f65b36cf9d1863821846f32cd08b7f9dd84710f2fa08a1,4,2,20300923,moderate,0.6,5.0,20264731,264.64568727550613,264.5256224048796,13,0.1,0.1,56794,36988,0.6512659788005776,359,0.06772804260253906,2.018083499977365,quantized_global_optimum_not_continuous_global_optimum
06ac6393eee7a87a46f65b36cf9d1863821846f32cd08b7f9dd84710f2fa08a1,4,2,20300923,highly_constrained,0.3,2.0,20264731,271.9764987389035,271.92667969791916,6,0.1,0.1,5232,3588,0.6857798165137615,85,0.021211624145507812,0.2510671659838408,quantized_global_optimum_not_continuous_global_optimum
06ac6393eee7a87a46f65b36cf9d1863821846f32cd08b7f9dd84710f2fa08a1,4,3,20301020,abundant,1.0,13.0,20264732,264.45075907536216,264.3929842764745,14,0.1,0.1,623100,308437,0.4950040121970791,1147,0.5154056549072266,16.488894166075625,quantized_global_optimum_not_continuous_global_optimum
06ac6393eee7a87a46f65b36cf9d1863821846f32cd08b7f9dd84710f2fa08a1,4,3,20301020,moderate,0.6,5.0,20264732,265.42435574317744,265.3160576277266,13,0.1,0.1,45612,29801,0.6533587652372183,288,0.05998420715332031,1.6231967919738963,quantized_global_optimum_not_continuous_global_optimum
06ac6393eee7a87a46f65b36cf9d1863821846f32cd08b7f9dd84710f2fa08a1,4,3,20301020,highly_constrained,0.3,2.0,20264732,270.8246643020925,270.793857055205,6,0.1,0.1,4214,3158,0.749406739439962,75,0.020322799682617188,0.21229908394161612,quantized_global_optimum_not_continuous_global_optimum
06ac6393eee7a87a46f65b36cf9d1863821846f32cd08b7f9dd84710f2fa08a1,4,4,20301117,abundant,1.0,13.0,20264733,264.1278145476952,264.0728613046867,14,0.1,0.1,758170,346568,0.45711120197317223,1511,0.6592702865600586,20.443184999981895,quantized_global_optimum_not_continuous_global_optimum
06ac6393eee7a87a46f65b36cf9d1863821846f32cd08b7f9dd84710f2fa08a1,4,4,20301117,moderate,0.6,5.0,20264733,265.039354302672,264.955611528302,12,0.1,0.1,48163,31976,0.6639121317193697,236,0.04935264587402344,1.5562191249337047,quantized_global_optimum_not_continuous_global_optimum
06ac6393eee7a87a46f65b36cf9d1863821846f32cd08b7f9dd84710f2fa08a1,4,4,20301117,highly_constrained,0.3,2.0,20264733,270.9970044630967,270.96619721620925,6,0.1,0.1,4618,3403,0.7368990905153746,65,0.018651962280273438,0.2177829589927569,quantized_global_optimum_not_continuous_global_optimum
06ac6393eee7a87a46f65b36cf9d1863821846f32cd08b7f9dd84710f2fa08a1,4,5,20301214,abundant,1.0,13.0,20264734,265.7416673893739,265.69584041787715,13,0.1,0.1,589845,341806,0.579484440827675,839,0.3886890411376953,14.441279666963965,quantized_global_optimum_not_continuous_global_optimum
06ac6393eee7a87a46f65b36cf9d1863821846f32cd08b7f9dd84710f2fa08a1,4,5,20301214,moderate,0.6,5.0,20264734,266.52431642928076,266.4573405512755,11,0.1,0.1,47520,33787,0.7110058922558923,245,0.05584907531738281,1.4413524169940501,quantized_global_optimum_not_continuous_global_optimum
06ac6393eee7a87a46f65b36cf9d1863821846f32cd08b7f9dd84710f2fa08a1,4,5,20301214,highly_constrained,0.3,2.0,20264734,272.2842689217389,272.25346167485145,6,0.1,0.1,4480,3491,0.7792410714285715,62,0.018701553344726562,0.19825258303899318,quantized_global_optimum_not_continuous_global_optimum
06ac6393eee7a87a46f65b36cf9d1863821846f32cd08b7f9dd84710f2fa08a1,4,6,20301311,abundant,1.0,13.0,20264735,264.96912216207244,264.94285281147506,12,0.1,0.1,661117,342614,0.5182350476541974,1249,0.5894374847412109,18.679651457932778,quantized_global_optimum_not_continuous_global_optimum
06ac6393eee7a87a46f65b36cf9d1863821846f32cd08b7f9dd84710f2fa08a1,4,6,20301311,moderate,0.6,5.0,20264735,265.7474198502211,265.6841401931702,12,0.1,0.1,52210,34464,0.6601034284619804,249,0.053404808044433594,1.7533681669738144,quantized_global_optimum_not_continuous_global_optimum
06ac6393eee7a87a46f65b36cf9d1863821846f32cd08b7f9dd84710f2fa08a1,4,6,20301311,highly_constrained,0.3,2.0,20264735,272.12107559545103,272.09026834856354,6,0.1,0.1,4456,3289,0.7381059245960503,61,0.018007278442382812,0.21758958301506937,quantized_global_optimum_not_continuous_global_optimum
06ac6393eee7a87a46f65b36cf9d1863821846f32cd08b7f9dd84710f2fa08a1,4,7,20301408,abundant,1.0,13.0,20264736,263.10470540315794,263.0588784316611,13,0.1,0.1,688417,345320,0.5016145737249371,1139,0.4979839324951172,19.55616195895709,quantized_global_optimum_not_continuous_global_optimum
06ac6393eee7a87a46f65b36cf9d1863821846f32cd08b7f9dd84710f2fa08a1,4,7,20301408,moderate,0.6,5.0,20264736,263.920499225348,263.8322256651002,12,0.1,0.1,64869,38578,0.5947062541429651,455,0.09045219421386719,2.3032512919744477,quantized_global_optimum_not_continuous_global_optimum
06ac6393eee7a87a46f65b36cf9d1863821846f32cd08b7f9dd84710f2fa08a1,4,7,20301408,highly_constrained,0.3,2.0,20264736,271.13757342385924,271.1067661769718,6,0.1,0.1,5554,3875,0.6976953546993158,93,0.021993637084960938,0.2630241670412943,quantized_global_optimum_not_continuous_global_optimum
06ac6393eee7a87a46f65b36cf9d1863821846f32cd08b7f9dd84710f2fa08a1,4,8,20301505,abundant,1.0,13.0,20264737,265.4010580884515,265.3552311169547,13,0.1,0.1,663792,353192,0.5320823390459662,884,0.3957233428955078,18.508748000022024,quantized_global_optimum_not_continuous_global_optimum
06ac6393eee7a87a46f65b36cf9d1863821846f32cd08b7f9dd84710f2fa08a1,4,8,20301505,moderate,0.6,5.0,20264737,266.16466746682505,266.10222808528937,11,0.1,0.1,69364,41748,0.6018684043596102,475,0.09245491027832031,2.4348973750602454,quantized_global_optimum_not_continuous_global_optimum
06ac6393eee7a87a46f65b36cf9d1863821846f32cd08b7f9dd84710f2fa08a1,4,8,20301505,highly_constrained,0.3,2.0,20264737,272.08218116213413,272.0553558497028,5,0.1,0.1,5339,3848,0.7207342198913654,88,0.021509170532226562,0.2522786249173805,quantized_global_optimum_not_continuous_global_optimum
06ac6393eee7a87a46f65b36cf9d1863821846f32cd08b7f9dd84710f2fa08a1,4,9,20301602,abundant,1.0,13.0,20264738,268.2027555607591,268.14498076187147,14,0.1,0.1,668638,323494,0.4838103727278438,1158,0.5015096664428711,17.31806437508203,quantized_global_optimum_not_continuous_global_optimum
06ac6393eee7a87a46f65b36cf9d1863821846f32cd08b7f9dd84710f2fa08a1,4,9,20301602,moderate,0.6,5.0,20264738,268.91062699858776,268.8555952665547,11,0.1,0.1,44733,30399,0.6795654215009054,249,0.04902458190917969,1.4619564999593422,quantized_global_optimum_not_continuous_global_optimum
06ac6393eee7a87a46f65b36cf9d1863821846f32cd08b7f9dd84710f2fa08a1,4,9,20301602,highly_constrained,0.3,2.0,20264738,273.22004638888666,273.18923914199917,6,0.1,0.1,4727,3375,0.713983499048022,66,0.018800735473632812,0.21145879209507257,quantized_global_optimum_not_continuous_global_optimum
06ac6393eee7a87a46f65b36cf9d1863821846f32cd08b7f9dd84710f2fa08a1,5,0,20310729,abundant,1.0,13.0,20265729,251.21551213727608,251.13828655426758,20,0.1,0.1,452035,247754,0.5480858783058834,685,0.31328392028808594,12.33583799994085,quantized_global_optimum_not_continuous_global_optimum
06ac6393eee7a87a46f65b36cf9d1863821846f32cd08b7f9dd84710f2fa08a1,5,0,20310729,moderate,0.6,5.0,20265729,253.32229030516766,253.18356811164355,17,0.1,0.1,72590,49704,0.6847224135555862,318,0.07296180725097656,2.0023375001037493,quantized_global_optimum_not_continuous_global_optimum
06ac6393eee7a87a46f65b36cf9d1863821846f32cd08b7f9dd84710f2fa08a1,5,0,20310729,highly_constrained,0.3,2.0,20265729,265.84650102774873,265.81916686929185,7,0.1,0.1,10814,8093,0.7483817273904199,75,0.022165298461914062,0.33553583396133035,quantized_global_optimum_not_continuous_global_optimum
06ac6393eee7a87a46f65b36cf9d1863821846f32cd08b7f9dd84710f2fa08a1,5,1,20310826,abundant,1.0,13.0,20265730,254.67499153297152,254.60074312389693,19,0.1,0.1,401635,225069,0.5603819388250526,786,0.3234119415283203,11.037913375068456,quantized_global_optimum_not_continuous_global_optimum
06ac6393eee7a87a46f65b36cf9d1863821846f32cd08b7f9dd84710f2fa08a1,5,1,20310826,moderate,0.6,5.0,20265730,256.56927817598336,256.438779204451,17,0.1,0.1,63321,43796,0.6916504793038645,267,0.05998039245605469,1.8685356660280377,quantized_global_optimum_not_continuous_global_optimum
06ac6393eee7a87a46f65b36cf9d1863821846f32cd08b7f9dd84710f2fa08a1,5,1,20310826,highly_constrained,0.3,2.0,20265730,266.3811497713175,266.349910733081,8,0.1,0.1,11074,8643,0.7804767924869063,74,0.021284103393554688,0.32619929197244346,quantized_global_optimum_not_continuous_global_optimum
06ac6393eee7a87a46f65b36cf9d1863821846f32cd08b7f9dd84710f2fa08a1,5,2,20310923,abundant,1.0,13.0,20265731,257.09578888148485,257.0185632984764,20,0.1,0.1,345193,204914,0.5936215392548516,442,0.10400199890136719,8.491207791958004,quantized_global_optimum_not_continuous_global_optimum
06ac6393eee7a87a46f65b36cf9d1863821846f32cd08b7f9dd84710f2fa08a1,5,2,20310923,moderate,0.6,5.0,20265731,259.30749738613156,259.16061506357664,18,0.1,0.1,65463,47216,0.7212623924965248,241,0.05508613586425781,1.6708141251001507,quantized_global_optimum_not_continuous_global_optimum
06ac6393eee7a87a46f65b36cf9d1863821846f32cd08b7f9dd84710f2fa08a1,5,2,20310923,highly_constrained,0.3,2.0,20265731,267.78609733665485,267.75485829841836,8,0.1,0.1,11505,8786,0.7636679704476315,74,0.021986007690429688,0.3323686249786988,quantized_global_optimum_not_continuous_global_optimum
06ac6393eee7a87a46f65b36cf9d1863821846f32cd08b7f9dd84710f2fa08a1,5,3,20311020,abundant,1.0,13.0,20265732,253.26767669094022,253.19045110793172,20,0.1,0.1,445601,243282,0.5459637657904718,633,0.27570152282714844,12.211846166988835,quantized_global_optimum_not_continuous_global_optimum
06ac6393eee7a87a46f65b36cf9d1863821846f32cd08b7f9dd84710f2fa08a1,5,3,20311020,moderate,0.6,5.0,20265732,255.2597544073544,255.11712746774924,17,0.1,0.1,72510,50486,0.6962625844711074,295,0.06372261047363281,2.0219308340456337,quantized_global_optimum_not_continuous_global_optimum
06ac6393eee7a87a46f65b36cf9d1863821846f32cd08b7f9dd84710f2fa08a1,5,3,20311020,highly_constrained,0.3,2.0,20265732,265.78350108159617,265.7522620433597,8,0.1,0.1,11302,8424,0.7453548044593877,74,0.021684646606445312,0.34710762498434633,quantized_global_optimum_not_continuous_global_optimum
06ac6393eee7a87a46f65b36cf9d1863821846f32cd08b7f9dd84710f2fa08a1,5,4,20311117,abundant,1.0,13.0,20265733,253.20998143901846,253.12289351609454,21,0.1,0.1,353913,206589,0.5837282043892142,505,0.11847496032714844,8.645374957937747,quantized_global_optimum_not_continuous_global_optimum
06ac6393eee7a87a46f65b36cf9d1863821846f32cd08b7f9dd84710f2fa08a1,5,4,20311117,moderate,0.6,5.0,20265733,255.60716890491196,255.47418360723287,18,0.1,0.1,62887,44609,0.7093516943088397,235,0.05408668518066406,1.5897513329982758,quantized_global_optimum_not_continuous_global_optimum
06ac6393eee7a87a46f65b36cf9d1863821846f32cd08b7f9dd84710f2fa08a1,5,4,20311117,highly_constrained,0.3,2.0,20265733,266.3667341618859,266.3354951236494,8,0.1,0.1,11064,8474,0.7659074475777295,67,0.020792007446289062,0.3117760840104893,quantized_global_optimum_not_continuous_global_optimum
06ac6393eee7a87a46f65b36cf9d1863821846f32cd08b7f9dd84710f2fa08a1,5,5,20311214,abundant,1.0,13.0,20265734,251.2793951041497,251.18913133451636,21,0.1,0.1,369471,216141,0.5850012585561519,550,0.17305278778076172,9.047493000049144,quantized_global_optimum_not_continuous_global_optimum
06ac6393eee7a87a46f65b36cf9d1863821846f32cd08b7f9dd84710f2fa08a1,5,5,20311214,moderate,0.6,5.0,20265734,253.49580121123827,253.37794947533288,17,0.1,0.1,66128,46281,0.6998699491894508,226,0.05326652526855469,1.6562317919451743,quantized_global_optimum_not_continuous_global_optimum
06ac6393eee7a87a46f65b36cf9d1863821846f32cd08b7f9dd84710f2fa08a1,5,5,20311214,highly_constrained,0.3,2.0,20265734,265.980347613776,265.9491085755395,8,0.1,0.1,11491,8418,0.7325733182490645,63,0.020406723022460938,0.40239191707223654,quantized_global_optimum_not_continuous_global_optimum
06ac6393eee7a87a46f65b36cf9d1863821846f32cd08b7f9dd84710f2fa08a1,5,6,20311311,abundant,1.0,13.0,20265735,256.6447783414952,256.56794458278335,19,0.1,0.1,407808,225272,0.5523972065285625,566,0.20456886291503906,10.44921895803418,quantized_global_optimum_not_continuous_global_optimum
06ac6393eee7a87a46f65b36cf9d1863821846f32cd08b7f9dd84710f2fa08a1,5,6,20311311,moderate,0.6,5.0,20265735,258.471088206314,258.36216745799624,16,0.1,0.1,67816,47775,0.7044797687861272,284,0.06297111511230469,1.8110995000461116,quantized_global_optimum_not_continuous_global_optimum
06ac6393eee7a87a46f65b36cf9d1863821846f32cd08b7f9dd84710f2fa08a1,5,6,20311311,highly_constrained,0.3,2.0,20265735,267.1645857252379,267.13334668700134,8,0.1,0.1,11178,8511,0.761406333870102,76,0.022291183471679688,0.33026187494397163,quantized_global_optimum_not_continuous_global_optimum
06ac6393eee7a87a46f65b36cf9d1863821846f32cd08b7f9dd84710f2fa08a1,5,7,20311408,abundant,1.0,13.0,20265736,255.89036199739124,255.82327612125246,19,0.1,0.1,413094,241886,0.5855471151844375,693,0.27017784118652344,10.249263999983668,quantized_global_optimum_not_continuous_global_optimum
06ac6393eee7a87a46f65b36cf9d1863821846f32cd08b7f9dd84710f2fa08a1,5,7,20311408,moderate,0.6,5.0,20265736,257.786735573982,257.6825877489543,16,0.1,0.1,69397,49513,0.7134746458780639,334,0.07647132873535156,1.7858414159854874,quantized_global_optimum_not_continuous_global_optimum
06ac6393eee7a87a46f65b36cf9d1863821846f32cd08b7f9dd84710f2fa08a1,5,7,20311408,highly_constrained,0.3,2.0,20265736,267.2175113484701,267.19017719001323,7,0.1,0.1,11280,8597,0.762145390070922,74,0.022581100463867188,0.33682195900473744,quantized_global_optimum_not_continuous_global_optimum
06ac6393eee7a87a46f65b36cf9d1863821846f32cd08b7f9dd84710f2fa08a1,5,8,20311505,abundant,1.0,13.0,20265737,253.49112681893368,253.40745133411065,22,0.1,0.1,342604,200792,0.586076052818998,483,0.1314830780029297,8.119259333936498,quantized_global_optimum_not_continuous_global_optimum
06ac6393eee7a87a46f65b36cf9d1863821846f32cd08b7f9dd84710f2fa08a1,5,8,20311505,moderate,0.6,5.0,20265737,255.66376797192632,255.5255925903038,18,0.1,0.1,62808,44550,0.7093045471914405,227,0.05555248260498047,1.5603072919184342,quantized_global_optimum_not_continuous_global_optimum
06ac6393eee7a87a46f65b36cf9d1863821846f32cd08b7f9dd84710f2fa08a1,5,8,20311505,highly_constrained,0.3,2.0,20265737,265.68097869844803,265.6497396602116,8,0.1,0.1,11344,8532,0.7521156558533145,69,0.021532058715820312,0.32432025007437915,quantized_global_optimum_not_continuous_global_optimum
06ac6393eee7a87a46f65b36cf9d1863821846f32cd08b7f9dd84710f2fa08a1,5,9,20311602,abundant,1.0,13.0,20265738,252.7304457050273,252.65093013284752,19,0.1,0.1,409185,221513,0.5413517113286166,570,0.1990985870361328,10.057321249973029,quantized_global_optimum_not_continuous_global_optimum
06ac6393eee7a87a46f65b36cf9d1863821846f32cd08b7f9dd84710f2fa08a1,5,9,20311602,moderate,0.6,5.0,20265738,254.65959823662644,254.50830318524254,17,0.1,0.1,69957,47797,0.6832339865917635,259,0.05962181091308594,1.8184419579338282,quantized_global_optimum_not_continuous_global_optimum
06ac6393eee7a87a46f65b36cf9d1863821846f32cd08b7f9dd84710f2fa08a1,5,9,20311602,highly_constrained,0.3,2.0,20265738,265.52200802677754,265.49467386832066,7,0.1,0.1,11829,8712,0.7364950545270099,89,0.02471446990966797,0.3382525419583544,quantized_global_optimum_not_continuous_global_optimum
