config_hash,n_nodes,wireless_index,wireless_seed,algorithm,updates,changes,runtime_seconds,signaling_total_bytes,full_single_flip_pass,k_offload,offload_rate,decision_objective,public_objective_J,barrier_penalty,estimated_workload,true_workload,workload_capacity,workload_limit,workload_utilization,estimated_memory_gb,true_memory_gb,memory_available_gb,memory_utilization,estimated_workload_violation,estimated_memory_violation,true_workload_violation,true_memory_violation,total_end_to_end_delay_seconds,mean_end_to_end_delay_seconds,total_device_energy_j,mean_tx_time_ms_offloaded,mean_tx_energy_mj_offloaded,queue_delay_ms_per_offloaded_task
06ac6393eee7a87a46f65b36cf9d1863821846f32cd08b7f9dd84710f2fa08a1,30,0,21460729,wa_mcbr,171,20,0.008556917076930404,20178,True,9,0.3,70.32592416101392,70.32592416101392,0.0,8.980582524271844,8.980582524271844,60.0,57.0,0.14967637540453074,2.275,2.275,13.0,0.175,0,0,0,0,1125.158307846501,37.5052769282167,1778.9397489095888,598.0284963180455,59.97210106542797,64.00570884871551
06ac6393eee7a87a46f65b36cf9d1863821846f32cd08b7f9dd84710f2fa08a1,30,0,21460729,legacy_count_br,90,16,0.0006787499878555536,0,False,11,0.36666666666666664,70.67144170877907,70.67144170877907,0.0,10.922330097087377,10.922330097087377,60.0,57.0,0.18203883495145629,2.7625,2.7625,13.0,0.21250000000000002,0,0,0,0,1107.3006476931012,36.91002158977004,1689.1290217920305,660.7845353588018,66.27470836638821,75.6379821958457
06ac6393eee7a87a46f65b36cf9d1863821846f32cd08b7f9dd84710f2fa08a1,30,1,21460826,wa_mcbr,130,17,0.00712066690903157,15340,True,14,0.4666666666666667,66.92996947828632,66.92996947828632,0.0,12.864077669902912,12.864077669902912,60.0,57.0,0.21440129449838186,3.3637499999999996,3.3637499999999996,13.0,0.25875,0,0,0,0,1035.2020712178546,34.50673570726182,1361.6382666914826,540.4907424258221,59.87619224875252,88.22863027806385
06ac6393eee7a87a46f65b36cf9d1863821846f32cd08b7f9dd84710f2fa08a1,30,1,21460826,legacy_count_br,60,10,0.0005099578993394971,0,False,15,0.5,67.82020014736302,67.82020014736302,0.0,13.834951456310678,13.834951456310678,60.0,57.0,0.23058252427184464,3.6074999999999995,3.6074999999999995,13.0,0.27749999999999997,0,0,0,0,1021.2657175185861,34.04219058395287,1289.831086574144,629.4600322590568,68.73910494293037,94.92113564668769
06ac6393eee7a87a46f65b36cf9d1863821846f32cd08b7f9dd84710f2fa08a1,30,2,21460923,wa_mcbr,225,31,0.010988750029355288,26550,True,11,0.36666666666666664,68.30422394323341,68.30422394323341,0.0,10.436893203883495,10.436893203883495,60.0,57.0,0.1739482200647249,2.6325,2.6325,13.0,0.20249999999999999,0,0,0,0,1097.3388598046934,36.57796199348978,1652.9350498953465,485.4336978534413,48.64089957698015,72.64446620959842
06ac6393eee7a87a46f65b36cf9d1863821846f32cd08b7f9dd84710f2fa08a1,30,2,21460923,legacy_count_br,96,17,0.0008124590385705233,0,False,13,0.43333333333333335,69.87227635868048,69.87227635868048,0.0,12.621359223300969,12.621359223300969,60.0,57.0,0.21035598705501615,3.20125,3.20125,13.0,0.24625,0,0,0,0,1101.9817426145037,36.73272475381679,1663.9277031414333,558.1510712291542,55.97716472563666,86.5983606557377
06ac6393eee7a87a46f65b36cf9d1863821846f32cd08b7f9dd84710f2fa08a1,30,3,21461020,wa_mcbr,203,30,0.009513790952041745,23954,True,11,0.36666666666666664,68.81350676726917,68.81350676726917,0.0,10.436893203883496,10.436893203883496,60.0,57.0,0.17394822006472493,2.71375,2.71375,13.0,0.20875000000000002,0,0,0,0,1088.5216854029297,36.28405618009766,1609.8546239003304,556.5996613294644,59.51126366639152,72.64446620959843
06ac6393eee7a87a46f65b36cf9d1863821846f32cd08b7f9dd84710f2fa08a1,30,3,21461020,legacy_count_br,94,14,0.0006745830178260803,0,False,15,0.5,69.99388937983083,69.99388937983083,0.0,14.320388349514563,14.320388349514563,60.0,57.0,0.23867313915857605,3.6887499999999998,3.6887499999999998,13.0,0.28375,0,0,0,0,1044.1199155415707,34.80399718471902,1387.119225216602,709.6202992998872,74.61501444012548,98.3740701381509
06ac6393eee7a87a46f65b36cf9d1863821846f32cd08b7f9dd84710f2fa08a1,30,4,21461117,wa_mcbr,230,20,0.01155275001656264,27140,True,11,0.36666666666666664,68.52159446910923,68.52159446910923,0.0,10.679611650485436,10.679611650485436,60.0,57.0,0.17799352750809058,2.795,2.795,13.0,0.215,0,0,0,0,1079.1716420860462,35.97238806953487,1566.6656074411228,577.8336041001124,60.50976737479516,74.13385826771653
06ac6393eee7a87a46f65b36cf9d1863821846f32cd08b7f9dd84710f2fa08a1,30,4,21461117,legacy_count_br,107,14,0.0007834580028429627,0,False,13,0.43333333333333335,69.81892854383149,69.81892854383149,0.0,12.378640776699028,12.378640776699028,60.0,57.0,0.20631067961165045,3.20125,3.20125,13.0,0.24625,0,0,0,0,1088.8433785071577,36.29477928357192,1602.8089677357264,595.2751756858501,62.228287363567304,84.98470948012232
06ac6393eee7a87a46f65b36cf9d1863821846f32cd08b7f9dd84710f2fa08a1,30,5,21461214,wa_mcbr,110,16,0.005457584047690034,12980,True,11,0.36666666666666664,69.42843290498169,69.42843290498169,0.0,10.436893203883495,10.436893203883495,60.0,57.0,0.1739482200647249,2.6325,2.6325,13.0,0.20249999999999999,0,0,0,0,1135.6990045648754,37.85663348549585,1829.2518772116782,409.0832215063378,41.0797465162045,72.64446620959842
06ac6393eee7a87a46f65b36cf9d1863821846f32cd08b7f9dd84710f2fa08a1,30,5,21461214,legacy_count_br,67,10,0.0006148340180516243,0,False,13,0.43333333333333335,70.30044538513225,70.30044538513225,0.0,12.135922330097086,12.135922330097086,60.0,57.0,0.20226537216828477,3.1199999999999997,3.1199999999999997,13.0,0.23999999999999996,0,0,0,0,1119.5847518476505,37.31949172825502,1746.7132102411458,500.05502588418847,54.862326241982146,83.38742393509128
06ac6393eee7a87a46f65b36cf9d1863821846f32cd08b7f9dd84710f2fa08a1,30,6,21461311,wa_mcbr,265,25,0.012812333065085113,31270,True,11,0.36666666666666664,68.91539335805636,68.91539335805636,0.0,10.436893203883495,10.436893203883495,60.0,57.0,0.1739482200647249,2.7137499999999997,2.7137499999999997,13.0,0.20874999999999996,0,0,0,0,1082.4137312571395,36.080457708571316,1581.109796633067,583.1492844394517,64.52696664243263,72.64446620959842
06ac6393eee7a87a46f65b36cf9d1863821846f32cd08b7f9dd84710f2fa08a1,30,6,21461311,legacy_count_br,117,18,0.00090170803014189,0,False,16,0.5333333333333333,72.12434436114401,72.12434436114401,0.0,15.29126213592233,15.29126213592233,60.0,57.0,0.25485436893203883,4.01375,4.01375,13.0,0.30874999999999997,0,0,0,0,992.3487915147047,33.07829305049015,1132.0691819031688,966.2945836755504,104.32386894804797,105.50488599348535
06ac6393eee7a87a46f65b36cf9d1863821846f32cd08b7f9dd84710f2fa08a1,30,7,21461408,wa_mcbr,124,23,0.006446834071539342,14632,True,11,0.36666666666666664,67.72025905273149,67.72025905273149,0.0,10.679611650485437,10.679611650485437,60.0,57.0,0.17799352750809064,2.71375,2.71375,13.0,0.20875000000000002,0,0,0,0,1076.9949623187517,35.89983207729173,1559.3790083345766,525.4081707097265,52.637121325147376,74.13385826771653
06ac6393eee7a87a46f65b36cf9d1863821846f32cd08b7f9dd84710f2fa08a1,30,7,21461408,legacy_count_br,122,19,0.0009680000366643071,0,False,15,0.5,68.97615018046824,68.97615018046824,0.0,14.563106796116504,14.563106796116504,60.0,57.0,0.24271844660194172,3.6887499999999998,3.6887499999999998,13.0,0.28375,0,0,0,0,1038.8038466363043,34.62679488787681,1365.4126530647707,673.4615706254233,67.51020431805993,100.12820512820512
06ac6393eee7a87a46f65b36cf9d1863821846f32cd08b7f9dd84710f2fa08a1,30,8,21461505,wa_mcbr,184,24,0.00875050004106015,21712,True,11,0.36666666666666664,68.12451362423963,68.12451362423963,0.0,10.194174757281553,10.194174757281553,60.0,57.0,0.16990291262135923,2.6325,2.6325,13.0,0.20249999999999999,0,0,0,0,1074.9995405020172,35.833318016733905,1548.6466621249383,565.1522731764841,58.78746590350794,71.16959064327486
06ac6393eee7a87a46f65b36cf9d1863821846f32cd08b7f9dd84710f2fa08a1,30,8,21461505,legacy_count_br,104,15,0.0007508330745622516,0,False,16,0.5333333333333333,69.60813617575829,69.60813617575829,0.0,15.04854368932039,15.04854368932039,60.0,57.0,0.25080906148867316,3.8512500000000003,3.8512500000000003,13.0,0.29625,0,0,0,0,1010.0271068103353,33.667570227011176,1225.2730072668612,773.0008711103213,79.5629541788189,103.69330453563715
06ac6393eee7a87a46f65b36cf9d1863821846f32cd08b7f9dd84710f2fa08a1,30,9,21461602,wa_mcbr,163,25,0.007787207956425846,19234,True,12,0.4,67.92145085035955,67.92145085035955,0.0,11.650485436893202,11.650485436893202,60.0,57.0,0.19417475728155337,2.9575,2.9575,13.0,0.2275,0,0,0,0,1083.6741602542597,36.12247200847533,1588.1925849880192,492.6057239995716,49.382082334951065,80.24096385542168
06ac6393eee7a87a46f65b36cf9d1863821846f32cd08b7f9dd84710f2fa08a1,30,9,21461602,legacy_count_br,103,17,0.0007444999646395445,0,False,16,0.5333333333333333,69.57408588203167,69.57408588203167,0.0,15.29126213592233,15.29126213592233,60.0,57.0,0.25485436893203883,3.9325,3.9325,13.0,0.3025,0,0,0,0,1038.0545118705877,34.60181706235292,1358.324558171758,672.9021059182396,70.2848857348749,105.50488599348535
06ac6393eee7a87a46f65b36cf9d1863821846f32cd08b7f9dd84710f2fa08a1,50,0,21660729,wa_mcbr,474,37,0.023464165977202356,55932,True,14,0.28,115.17349255649854,115.17349255649854,0.0,12.864077669902912,12.864077669902912,60.0,57.0,0.21440129449838186,3.3637499999999996,3.3637499999999996,13.0,0.25875,0,0,0,0,1862.859818655673,37.25719637311346,3114.6951965633434,473.1869879842839,49.65689738165198,88.22863027806385
06ac6393eee7a87a46f65b36cf9d1863821846f32cd08b7f9dd84710f2fa08a1,50,0,21660729,legacy_count_br,172,26,0.001242874888703227,0,False,19,0.38,116.88449154038375,116.88449154038375,0.0,17.47572815533981,17.47572815533981,60.0,57.0,0.29126213592233013,4.5825000000000005,4.5825000000000005,13.0,0.35250000000000004,0,0,0,0,1794.0234356793337,35.88046871358667,2773.371349260692,667.9674149901448,72.17627687849286,122.73972602739728
06ac6393eee7a87a46f65b36cf9d1863821846f32cd08b7f9dd84710f2fa08a1,50,1,21660826,wa_mcbr,383,39,0.018748958013020456,45194,True,13,0.26,114.19822638735579,114.19822638735579,0.0,11.650485436893202,11.650485436893202,60.0,57.0,0.19417475728155337,3.0712499999999996,3.0712499999999996,13.0,0.23624999999999996,0,0,0,0,1836.2001503963706,36.724003007927415,2995.9293169848224,504.38598971154346,56.1013065247732,80.24096385542168
06ac6393eee7a87a46f65b36cf9d1863821846f32cd08b7f9dd84710f2fa08a1,50,1,21660826,legacy_count_br,244,24,0.001783750019967556,0,False,18,0.36,115.84385521833424,115.84385521833424,0.0,16.262135922330096,16.262135922330096,60.0,57.0,0.2710355987055016,4.290000000000001,4.290000000000001,13.0,0.33000000000000007,0,0,0,0,1770.3947616396688,35.40789523279338,2668.987980784251,697.8678158429807,77.1100435694712,112.9522752497225
06ac6393eee7a87a46f65b36cf9d1863821846f32cd08b7f9dd84710f2fa08a1,50,2,21660923,wa_mcbr,334,33,0.01612150005530566,39412,True,15,0.3,113.04644055373295,113.04644055373295,0.0,13.592233009708737,13.592233009708737,60.0,57.0,0.22653721682847897,3.5587499999999994,3.5587499999999994,13.0,0.27374999999999994,0,0,0,0,1800.331639178626,36.00663278357252,2826.826291556901,528.8875212528716,55.08610379338376,93.22175732217573
06ac6393eee7a87a46f65b36cf9d1863821846f32cd08b7f9dd84710f2fa08a1,50,2,21660923,legacy_count_br,142,24,0.0010566250421106815,0,False,20,0.4,114.63790935353043,114.63790935353043,0.0,18.446601941747577,18.446601941747577,60.0,57.0,0.30744336569579295,4.777500000000002,4.777500000000002,13.0,0.3675000000000001,0,0,0,0,1745.3512693957746,34.90702538791549,2550.1764923143064,666.5821613775147,68.82461571530968,130.98130841121497
06ac6393eee7a87a46f65b36cf9d1863821846f32cd08b7f9dd84710f2fa08a1,50,3,21661020,wa_mcbr,495,43,0.02342029195278883,58410,True,16,0.32,112.47452027005413,112.47452027005413,0.0,14.563106796116505,14.563106796116505,60.0,57.0,0.24271844660194175,3.88375,3.88375,13.0,0.29875,0,0,0,0,1782.5063548419184,35.65012709683837,2744.098063441614,519.0189724916899,56.1289651008665,100.12820512820514
06ac6393eee7a87a46f65b36cf9d1863821846f32cd08b7f9dd84710f2fa08a1,50,3,21661020,legacy_count_br,236,25,0.0017020839732140303,0,False,22,0.44,114.82424678622871,114.82424678622871,0.0,20.14563106796117,20.14563106796117,60.0,57.0,0.33576051779935284,5.346250000000002,5.346250000000002,13.0,0.41125000000000017,0,0,0,0,1695.677905043537,33.913558100870745,2312.929044236571,720.8072218327867,78.59291984411347,146.37028014616325
06ac6393eee7a87a46f65b36cf9d1863821846f32cd08b7f9dd84710f2fa08a1,50,4,21661117,wa_mcbr,253,35,0.012331041973084211,29854,True,14,0.28,114.52455387894493,114.52455387894493,0.0,12.864077669902912,12.864077669902912,60.0,57.0,0.21440129449838186,3.4449999999999994,3.4449999999999994,13.0,0.26499999999999996,0,0,0,0,1813.3220410944527,36.266440821889056,2884.5111865839554,591.9171621828049,65.08475599674875,88.22863027806385
06ac6393eee7a87a46f65b36cf9d1863821846f32cd08b7f9dd84710f2fa08a1,50,4,21661117,legacy_count_br,229,32,0.0015865829773247242,0,False,19,0.38,116.39789929416916,116.39789929416916,0.0,17.47572815533981,17.47572815533981,60.0,57.0,0.29126213592233013,4.615000000000001,4.615000000000001,13.0,0.3550000000000001,0,0,0,0,1753.9936201995022,35.079872403990045,2586.3330123594324,750.6087055253371,80.6848610227151,122.73972602739728
06ac6393eee7a87a46f65b36cf9d1863821846f32cd08b7f9dd84710f2fa08a1,50,5,21661214,wa_mcbr,284,41,0.014100915985181928,33512,True,14,0.28,112.92515624355595,112.92515624355595,0.0,12.864077669902912,12.864077669902912,60.0,57.0,0.21440129449838186,3.3149999999999995,3.3149999999999995,13.0,0.25499999999999995,0,0,0,0,1820.4853565994126,36.409707131988256,2923.866975506381,475.01112682282667,47.64110759861819,88.22863027806385
06ac6393eee7a87a46f65b36cf9d1863821846f32cd08b7f9dd84710f2fa08a1,50,5,21661214,legacy_count_br,132,21,0.001032250002026558,0,False,20,0.4,116.69636070742308,116.69636070742308,0.0,18.446601941747577,18.446601941747577,60.0,57.0,0.30744336569579295,4.777500000000002,4.777500000000002,13.0,0.3675000000000001,0,0,0,0,1757.650222385503,35.15300444771006,2600.7662872861124,721.5298108639245,78.31436430559533,130.98130841121497
06ac6393eee7a87a46f65b36cf9d1863821846f32cd08b7f9dd84710f2fa08a1,50,6,21661311,wa_mcbr,319,37,0.015639750054106116,37642,True,16,0.32,111.01360387281952,111.01360387281952,0.0,15.04854368932039,15.04854368932039,60.0,57.0,0.25080906148867316,3.9325,3.9325,13.0,0.3025,0,0,0,0,1759.8265664459382,35.196531328918766,2643.2521548427126,497.9670983355043,53.25967766956604,103.69330453563715
06ac6393eee7a87a46f65b36cf9d1863821846f32cd08b7f9dd84710f2fa08a1,50,6,21661311,legacy_count_br,145,24,0.0010755419498309493,0,False,21,0.42,113.13418501424076,113.13418501424076,0.0,19.902912621359228,19.902912621359228,60.0,57.0,0.3317152103559871,5.183750000000002,5.183750000000002,13.0,0.3987500000000001,0,0,0,0,1687.8734995303448,33.75746999060689,2283.934893829475,697.5032060454671,73.09018235593845,144.09200968523004
06ac6393eee7a87a46f65b36cf9d1863821846f32cd08b7f9dd84710f2fa08a1,50,7,21661408,wa_mcbr,474,41,0.02253004105295986,55932,True,14,0.28,113.48939471166283,113.48939471166283,0.0,13.349514563106794,13.349514563106794,60.0,57.0,0.22249190938511323,3.4449999999999994,3.4449999999999994,13.0,0.26499999999999996,0,0,0,0,1806.6098109891755,36.13219621978351,2855.594741756007,566.3035796489773,56.767268286150035,91.54006243496357
06ac6393eee7a87a46f65b36cf9d1863821846f32cd08b7f9dd84710f2fa08a1,50,7,21661408,legacy_count_br,233,22,0.0016980409855023026,0,False,19,0.38,114.84255439968557,114.84255439968557,0.0,17.71844660194175,17.71844660194175,60.0,57.0,0.2953074433656958,4.615000000000001,4.615000000000001,13.0,0.3550000000000001,0,0,0,0,1723.8135794358532,34.47627158871706,2449.5001001234937,760.1605951192131,78.95263807858115,124.7646383467279
06ac6393eee7a87a46f65b36cf9d1863821846f32cd08b7f9dd84710f2fa08a1,50,8,21661505,wa_mcbr,234,42,0.01169991702772677,27612,True,13,0.26,114.83726958520879,114.83726958520879,0.0,11.893203883495145,11.893203883495145,60.0,57.0,0.1982200647249191,3.0712499999999996,3.0712499999999996,13.0,0.23624999999999996,0,0,0,0,1836.9989579799926,36.739979159599855,2995.975209985844,564.2674344619002,59.63153737259319,81.80625630676084
06ac6393eee7a87a46f65b36cf9d1863821846f32cd08b7f9dd84710f2fa08a1,50,8,21661505,legacy_count_br,145,26,0.001045958953909576,0,False,19,0.38,128.300796529477,128.300796529477,0.0,17.47572815533981,17.47572815533981,60.0,57.0,0.29126213592233013,4.615000000000001,4.615000000000001,13.0,0.3550000000000001,0,0,0,0,1799.2306024733282,35.98461204946656,2745.7578935791103,1278.870930463566,134.62597784792175,122.73972602739728
06ac6393eee7a87a46f65b36cf9d1863821846f32cd08b7f9dd84710f2fa08a1,50,9,21661602,wa_mcbr,218,34,0.011201041983440518,25724,True,14,0.28,112.59034416920713,112.59034416920713,0.0,13.106796116504855,13.106796116504855,60.0,57.0,0.2184466019417476,3.3962499999999998,3.3962499999999998,13.0,0.26125,0,0,0,0,1798.1118815708264,35.96223763141653,2819.5470545898024,532.4014786615121,53.36104212873324,89.87577639751554
06ac6393eee7a87a46f65b36cf9d1863821846f32cd08b7f9dd84710f2fa08a1,50,9,21661602,legacy_count_br,211,20,0.001541165984235704,0,False,20,0.4,114.2422362700982,114.2422362700982,0.0,18.93203883495146,18.93203883495146,60.0,57.0,0.3155339805825243,4.8587500000000015,4.8587500000000015,13.0,0.37375000000000014,0,0,0,0,1755.0333769632075,35.10066753926415,2596.8566131037987,626.4206212100077,62.83065518991037,135.24822695035462
06ac6393eee7a87a46f65b36cf9d1863821846f32cd08b7f9dd84710f2fa08a1,80,0,21960729,wa_mcbr,494,59,0.0257888330379501,58292,True,16,0.2,186.26174221179002,186.26174221179002,0.0,15.04854368932039,15.04854368932039,60.0,57.0,0.25080906148867316,3.88375,3.88375,13.0,0.29875,0,0,0,0,3338.9047309347916,41.736309136684895,5749.9668751525305,477.852378888855,47.92969703318021,103.69330453563715
06ac6393eee7a87a46f65b36cf9d1863821846f32cd08b7f9dd84710f2fa08a1,80,0,21960729,legacy_count_br,371,45,0.0027317500207573175,0,False,22,0.275,188.553370235349,188.553370235349,0.0,20.873786407766996,20.873786407766996,60.0,57.0,0.3478964401294499,5.346250000000002,5.346250000000002,13.0,0.41125000000000017,0,0,0,0,3254.2384689596556,40.67798086199569,5329.491221015304,675.6466265216914,67.78277342293293,153.37468982630278
06ac6393eee7a87a46f65b36cf9d1863821846f32cd08b7f9dd84710f2fa08a1,80,1,21960826,wa_mcbr,715,62,0.03526062495075166,84370,True,16,0.2,185.8424148240799,185.8424148240799,0.0,14.805825242718447,14.805825242718447,60.0,57.0,0.24676375404530745,3.88375,3.88375,13.0,0.29875,0,0,0,0,3319.9362431295435,41.499203039119294,5663.637271306875,494.114014071253,52.32945667973429,101.9011815252417
06ac6393eee7a87a46f65b36cf9d1863821846f32cd08b7f9dd84710f2fa08a1,80,1,21960826,legacy_count_br,371,56,0.002747792052105069,0,False,24,0.3,190.8513396880108,190.8513396880108,0.0,22.0873786407767,22.0873786407767,60.0,57.0,0.3681229773462783,5.7524999999999995,5.7524999999999995,13.0,0.44249999999999995,0,0,0,0,3231.4014859585104,40.39251857448138,5211.134385666976,742.7486413570285,80.59940279063552,165.64660691421255
06ac6393eee7a87a46f65b36cf9d1863821846f32cd08b7f9dd84710f2fa08a1,80,2,21960923,wa_mcbr,675,55,0.03254066698718816,79650,True,14,0.175,188.60288813300727,188.60288813300727,0.0,12.621359223300969,12.621359223300969,60.0,57.0,0.21035598705501615,3.3962499999999998,3.3962499999999998,13.0,0.26125,0,0,0,0,3326.353902291924,41.57942377864905,5685.46576787431,710.1089459102251,76.12627673637506,86.5983606557377
06ac6393eee7a87a46f65b36cf9d1863821846f32cd08b7f9dd84710f2fa08a1,80,2,21960923,legacy_count_br,328,50,0.002368584042415023,0,False,25,0.3125,194.02772196489406,194.02772196489406,0.0,23.058252427184467,23.058252427184467,60.0,57.0,0.3843042071197411,6.077500000000001,6.077500000000001,13.0,0.4675,0,0,0,0,3162.4479666828106,39.530599583535135,4869.793363302288,977.8739892572181,103.73453209148342,176.04467805519053
06ac6393eee7a87a46f65b36cf9d1863821846f32cd08b7f9dd84710f2fa08a1,80,3,21961020,wa_mcbr,674,51,0.03268495888914913,79532,True,16,0.2,186.47210315868128,186.47210315868128,0.0,15.04854368932039,15.04854368932039,60.0,57.0,0.25080906148867316,3.88375,3.88375,13.0,0.29875,0,0,0,0,3305.330064063802,41.316625800797524,5591.766414029007,579.4356994520189,60.40087681300479,103.69330453563715
06ac6393eee7a87a46f65b36cf9d1863821846f32cd08b7f9dd84710f2fa08a1,80,3,21961020,legacy_count_br,457,45,0.003378082998096943,0,False,22,0.275,188.62400793340183,188.62400793340183,0.0,20.388349514563114,20.388349514563114,60.0,57.0,0.3398058252427186,5.2650000000000015,5.2650000000000015,13.0,0.40500000000000014,0,0,0,0,3228.8699192445183,40.36087399055648,5210.852539608753,727.2289496171171,75.11543676148412,148.67647058823536
06ac6393eee7a87a46f65b36cf9d1863821846f32cd08b7f9dd84710f2fa08a1,80,4,21961117,wa_mcbr,507,49,0.025193790905177593,59826,True,16,0.2,187.71438244553883,187.71438244553883,0.0,15.29126213592233,15.29126213592233,60.0,57.0,0.25485436893203883,3.98125,3.98125,13.0,0.30625,0,0,0,0,3382.932055080606,42.28665068850758,5951.524499527095,427.74855654435174,45.281220443376164,105.50488599348535
06ac6393eee7a87a46f65b36cf9d1863821846f32cd08b7f9dd84710f2fa08a1,80,4,21961117,legacy_count_br,276,38,0.0021430000197142363,0,False,23,0.2875,189.84743665750077,189.84743665750077,0.0,22.08737864077671,22.08737864077671,60.0,57.0,0.36812297734627847,5.687500000000002,5.687500000000002,13.0,0.4375000000000001,0,0,0,0,3286.984444486637,41.08730555608297,5477.09369205057,624.9814142439243,64.9431326334831,165.6466069142126
06ac6393eee7a87a46f65b36cf9d1863821846f32cd08b7f9dd84710f2fa08a1,80,5,21961214,wa_mcbr,732,71,0.03574420802760869,86376,True,14,0.175,187.68779197663736,187.68779197663736,0.0,13.349514563106792,13.349514563106792,60.0,57.0,0.2224919093851132,3.4774999999999996,3.4774999999999996,13.0,0.26749999999999996,0,0,0,0,3332.3701224325087,41.65462653040636,5717.728753701032,620.6115398870793,66.33955007366411,91.54006243496356
06ac6393eee7a87a46f65b36cf9d1863821846f32cd08b7f9dd84710f2fa08a1,80,5,21961214,legacy_count_br,466,55,0.0034404160687699914,0,False,22,0.275,190.09797782964395,190.09797782964395,0.0,21.11650485436894,21.11650485436894,60.0,57.0,0.35194174757281566,5.427500000000002,5.427500000000002,13.0,0.41750000000000015,0,0,0,0,3268.3533889228383,40.85441736153548,5390.819749353251,696.6589789577257,73.62497060227525,155.76779026217235
06ac6393eee7a87a46f65b36cf9d1863821846f32cd08b7f9dd84710f2fa08a1,80,6,21961311,wa_mcbr,725,63,0.03564962500240654,85550,True,17,0.2125,187.2970145718064,187.2970145718064,0.0,15.533980582524272,15.533980582524272,60.0,57.0,0.2588996763754045,4.1275,4.1275,13.0,0.3175,0,0,0,0,3316.942950515803,41.46178688144754,5642.251727156153,559.8961387410167,61.86630330302393,107.33624454148472
06ac6393eee7a87a46f65b36cf9d1863821846f32cd08b7f9dd84710f2fa08a1,80,6,21961311,legacy_count_br,314,45,0.0023441669763997197,0,False,23,0.2875,189.18452020057532,189.18452020057532,0.0,21.35922330097088,21.35922330097088,60.0,57.0,0.35598705501618133,5.5900000000000025,5.5900000000000025,13.0,0.4300000000000002,0,0,0,0,3226.395205955709,40.32994007444636,5196.564453339473,711.1658259091272,76.7153625857984,158.1909547738694
06ac6393eee7a87a46f65b36cf9d1863821846f32cd08b7f9dd84710f2fa08a1,80,7,21961408,wa_mcbr,633,71,0.03112216596491635,74694,True,15,0.1875,188.0389749850601,188.0389749850601,0.0,14.320388349514563,14.320388349514563,60.0,57.0,0.23867313915857605,3.72125,3.72125,13.0,0.28625,0,0,0,0,3342.1160145379095,41.77645018172387,5760.957723347105,576.026899055829,63.84822314031575,98.3740701381509
06ac6393eee7a87a46f65b36cf9d1863821846f32cd08b7f9dd84710f2fa08a1,80,7,21961408,legacy_count_br,537,60,0.0039895420195534825,0,False,24,0.3,191.4376725169749,191.4376725169749,0.0,22.33009708737864,22.33009708737864,60.0,57.0,0.372168284789644,5.7524999999999995,5.7524999999999995,13.0,0.44249999999999995,0,0,0,0,3265.554365329686,40.819429566621075,5365.757518776424,729.9026791149196,73.2299490176881,168.19587628865975
06ac6393eee7a87a46f65b36cf9d1863821846f32cd08b7f9dd84710f2fa08a1,80,8,21961505,wa_mcbr,661,55,0.03276600001845509,77998,True,16,0.2,184.38237487431988,184.38237487431988,0.0,15.04854368932039,15.04854368932039,60.0,57.0,0.25080906148867316,4.01375,4.01375,13.0,0.30874999999999997,0,0,0,0,3246.945812193355,40.586822652416934,5329.077802650089,580.4199575490384,67.36266563060342,103.69330453563715
06ac6393eee7a87a46f65b36cf9d1863821846f32cd08b7f9dd84710f2fa08a1,80,8,21961505,legacy_count_br,392,46,0.002921333070844412,0,False,27,0.3375,192.4245803727025,192.4245803727025,0.0,25.485436893203886,25.485436893203886,60.0,57.0,0.4247572815533981,6.695,6.695,13.0,0.515,0,0,0,0,3141.948834715288,39.2743604339411,4783.424887608766,815.7280555591781,97.21805958390631,204.59915611814347
06ac6393eee7a87a46f65b36cf9d1863821846f32cd08b7f9dd84710f2fa08a1,80,9,21961602,wa_mcbr,636,59,0.03291737497784197,75048,True,16,0.2,185.45777513426611,185.45777513426611,0.0,14.805825242718447,14.805825242718447,60.0,57.0,0.24676375404530745,3.88375,3.88375,13.0,0.29875,0,0,0,0,3311.981086294458,41.39976357868072,5627.62858632515,496.91671187834766,51.78664532180707,101.9011815252417
06ac6393eee7a87a46f65b36cf9d1863821846f32cd08b7f9dd84710f2fa08a1,80,9,21961602,legacy_count_br,434,51,0.0032457499764859676,0,False,24,0.3,188.40362100349,188.40362100349,0.0,22.572815533980584,22.572815533980584,60.0,57.0,0.37621359223300976,5.83375,5.83375,13.0,0.44875000000000004,0,0,0,0,3210.3724789510875,40.129655986888594,5120.917244964946,694.7417461785656,71.55187353939557,170.77821011673154
06ac6393eee7a87a46f65b36cf9d1863821846f32cd08b7f9dd84710f2fa08a1,100,0,22160729,wa_mcbr,752,62,0.0381029590498656,88736,True,16,0.16,227.933320563541,227.933320563541,0.0,14.563106796116505,14.563106796116505,60.0,57.0,0.24271844660194175,3.91625,3.91625,13.0,0.30124999999999996,0,0,0,0,4105.728087015841,41.05728087015841,6977.978983616253,607.8772333618523,73.6864760157695,100.12820512820514
06ac6393eee7a87a46f65b36cf9d1863821846f32cd08b7f9dd84710f2fa08a1,100,0,22160729,legacy_count_br,712,66,0.005107875098474324,0,False,26,0.26,232.42486690669259,232.42486690669259,0.0,24.029126213592235,24.029126213592235,60.0,57.0,0.4004854368932039,6.272500000000001,6.272500000000001,13.0,0.48250000000000004,0,0,0,0,3988.7355951583213,39.88735595158321,6388.696758894747,795.1342267370306,88.33688056716184,187.00404858299595
06ac6393eee7a87a46f65b36cf9d1863821846f32cd08b7f9dd84710f2fa08a1,100,1,22160826,wa_mcbr,1116,83,0.05619324999861419,131688,True,17,0.17,229.44542867337822,229.44542867337822,0.0,15.776699029126215,15.776699029126215,60.0,57.0,0.26294498381877024,4.16,4.16,13.0,0.32,0,0,0,0,4189.061813029213,41.89061813029213,7359.3288408874205,470.91894295942956,54.637699259982654,109.18770581778267
06ac6393eee7a87a46f65b36cf9d1863821846f32cd08b7f9dd84710f2fa08a1,100,1,22160826,legacy_count_br,548,59,0.004162291996181011,0,False,25,0.25,232.65565669373711,232.65565669373711,0.0,23.543689320388346,23.543689320388346,60.0,57.0,0.3923948220064724,6.06125,6.06125,13.0,0.46625,0,0,0,0,4096.9337655069485,40.96933765506949,6895.753015181602,655.8992221421114,70.12060726407756,181.4513981358188
06ac6393eee7a87a46f65b36cf9d1863821846f32cd08b7f9dd84710f2fa08a1,100,2,22160923,wa_mcbr,718,71,0.038659707992337644,84724,True,15,0.15,230.81304273848087,230.81304273848087,0.0,14.07766990291262,14.07766990291262,60.0,57.0,0.23462783171521032,3.6887499999999998,3.6887499999999998,13.0,0.28375,0,0,0,0,4196.167810909751,41.96167810909751,7388.155536406685,607.8822495154654,63.70242711238926,96.63847780126848
06ac6393eee7a87a46f65b36cf9d1863821846f32cd08b7f9dd84710f2fa08a1,100,2,22160923,legacy_count_br,462,54,0.004002582980319858,0,False,24,0.24,234.44081641966778,234.44081641966778,0.0,22.572815533980584,22.572815533980584,60.0,57.0,0.37621359223300976,5.882499999999999,5.882499999999999,13.0,0.45249999999999996,0,0,0,0,4102.187355237612,41.02187355237612,6913.912893389224,753.694924783774,79.70389121773005,170.77821011673154
06ac6393eee7a87a46f65b36cf9d1863821846f32cd08b7f9dd84710f2fa08a1,100,3,22161020,wa_mcbr,1076,59,0.06736041698604822,126968,True,14,0.14,231.99242990211334,231.99242990211334,0.0,12.864077669902912,12.864077669902912,60.0,57.0,0.21440129449838186,3.3149999999999995,3.3149999999999995,13.0,0.25499999999999995,0,0,0,0,4236.14172081722,42.3614172081722,7571.652793816312,607.6085709518838,60.91384402224642,88.22863027806385
06ac6393eee7a87a46f65b36cf9d1863821846f32cd08b7f9dd84710f2fa08a1,100,3,22161020,legacy_count_br,428,48,0.003981707966886461,0,False,23,0.23,234.2689116749946,234.2689116749946,0.0,21.35922330097088,21.35922330097088,60.0,57.0,0.35598705501618133,5.508750000000003,5.508750000000003,13.0,0.4237500000000002,0,0,0,0,4170.765606794838,41.707656067948385,7237.546715792869,657.7049928277816,67.24851273341532,158.1909547738694
06ac6393eee7a87a46f65b36cf9d1863821846f32cd08b7f9dd84710f2fa08a1,100,4,22161117,wa_mcbr,629,69,0.035968792042694986,74222,True,15,0.15,228.70388184895478,228.70388184895478,0.0,14.07766990291262,14.07766990291262,60.0,57.0,0.23462783171521032,3.7212499999999995,3.7212499999999995,13.0,0.28624999999999995,0,0,0,0,4096.458667279325,40.964586672793246,6931.2477297029345,733.93934082037,83.18198019562485,96.63847780126848
06ac6393eee7a87a46f65b36cf9d1863821846f32cd08b7f9dd84710f2fa08a1,100,4,22161117,legacy_count_br,577,51,0.004530709004029632,0,False,29,0.29,234.90247510158406,234.90247510158406,0.0,27.184466019417474,27.184466019417474,60.0,57.0,0.45307443365695793,7.085000000000001,7.085000000000001,13.0,0.545,0,0,0,0,4038.0178257244775,40.38017825724477,6601.032120731892,725.2382263694673,76.96968041009275,227.1005917159763
06ac6393eee7a87a46f65b36cf9d1863821846f32cd08b7f9dd84710f2fa08a1,100,5,22161214,wa_mcbr,783,71,0.0418549170717597,92394,True,16,0.16,231.46893955789588,231.46893955789588,0.0,15.04854368932039,15.04854368932039,60.0,57.0,0.25080906148867316,3.9325,3.9325,13.0,0.3025,0,0,0,0,4218.070508776281,42.18070508776281,7485.323494413361,575.7134939819159,57.718400835045585,103.69330453563715
06ac6393eee7a87a46f65b36cf9d1863821846f32cd08b7f9dd84710f2fa08a1,100,5,22161214,legacy_count_br,590,64,0.004444416961632669,0,False,25,0.25,234.994863158864,234.994863158864,0.0,23.78640776699029,23.78640776699029,60.0,57.0,0.3964401294498382,6.12625,6.12625,13.0,0.47125,0,0,0,0,4131.919001235414,41.31919001235414,7046.976771942251,708.5509341350356,71.0708776899972,184.20911528150134
06ac6393eee7a87a46f65b36cf9d1863821846f32cd08b7f9dd84710f2fa08a1,100,6,22161311,wa_mcbr,1036,62,0.0554208749672398,122248,True,15,0.15,229.9672641475677,229.9672641475677,0.0,14.32038834951456,14.32038834951456,60.0,57.0,0.23867313915857602,3.7537499999999997,3.7537499999999997,13.0,0.28874999999999995,0,0,0,0,4198.11373691855,41.9811373691855,7402.480740254674,522.5417244318369,58.716016978236915,98.37407013815088
06ac6393eee7a87a46f65b36cf9d1863821846f32cd08b7f9dd84710f2fa08a1,100,6,22161311,legacy_count_br,398,56,0.0031971660209819674,0,False,25,0.25,234.1575673742107,234.1575673742107,0.0,23.058252427184467,23.058252427184467,60.0,57.0,0.3843042071197411,6.11,6.11,13.0,0.47000000000000003,0,0,0,0,4059.65094373449,40.5965094373449,6716.1507518507,769.9930713244033,86.03007402798472,176.04467805519053
06ac6393eee7a87a46f65b36cf9d1863821846f32cd08b7f9dd84710f2fa08a1,100,7,22161408,wa_mcbr,682,67,0.036728583043441176,80476,True,16,0.16,229.09744816482512,229.09744816482512,0.0,15.04854368932039,15.04854368932039,60.0,57.0,0.25080906148867316,3.965,3.965,13.0,0.305,0,0,0,0,4134.106068818126,41.34106068818126,7103.91941790834,627.9359965971985,69.96361927124423,103.69330453563715
06ac6393eee7a87a46f65b36cf9d1863821846f32cd08b7f9dd84710f2fa08a1,100,7,22161408,legacy_count_br,588,59,0.004985000006854534,0,False,26,0.26,231.8898192687993,231.8898192687993,0.0,23.78640776699029,23.78640776699029,60.0,57.0,0.3964401294498382,6.19125,6.19125,13.0,0.47625,0,0,0,0,4119.772868628504,41.19772868628504,7003.557288846734,576.2858319686089,59.89572487435509,184.20911528150134
06ac6393eee7a87a46f65b36cf9d1863821846f32cd08b7f9dd84710f2fa08a1,100,8,22161505,wa_mcbr,917,69,0.049023082945495844,108206,True,18,0.18,230.16053966578826,230.16053966578826,0.0,16.50485436893204,16.50485436893204,60.0,57.0,0.2750809061488673,4.322500000000001,4.322500000000001,13.0,0.3325000000000001,0,0,0,0,4198.295266425686,41.982952664256864,7395.336266806463,501.537618887305,52.0148225812272,114.86607142857143
06ac6393eee7a87a46f65b36cf9d1863821846f32cd08b7f9dd84710f2fa08a1,100,8,22161505,legacy_count_br,557,57,0.004390040994621813,0,False,26,0.26,233.38239566648588,233.38239566648588,0.0,24.271844660194176,24.271844660194176,60.0,57.0,0.4045307443365696,6.2725,6.2725,13.0,0.4825,0,0,0,0,4098.387989151003,40.983879891510036,6895.79299302013,671.2395492860785,68.96127000496978,189.83695652173913
06ac6393eee7a87a46f65b36cf9d1863821846f32cd08b7f9dd84710f2fa08a1,100,9,22161602,wa_mcbr,1087,70,0.059969833004288375,128266,True,15,0.15,232.50619478477017,232.50619478477017,0.0,13.834951456310677,13.834951456310677,60.0,57.0,0.2305825242718446,3.5912499999999996,3.5912499999999996,13.0,0.27625,0,0,0,0,4266.099917769566,42.66099917769566,7708.390643254305,525.0733823243621,52.70955028701372,94.92113564668769
06ac6393eee7a87a46f65b36cf9d1863821846f32cd08b7f9dd84710f2fa08a1,100,9,22161602,legacy_count_br,446,57,0.003665999975055456,0,False,24,0.24,240.60678521076844,240.60678521076844,0.0,22.33009708737864,22.33009708737864,60.0,57.0,0.372168284789644,5.8175,5.8175,13.0,0.4475,0,0,0,0,4160.825905078636,41.608259050786366,7159.044874208976,932.8835019878562,93.53642537395984,168.19587628865975
06ac6393eee7a87a46f65b36cf9d1863821846f32cd08b7f9dd84710f2fa08a1,150,0,22660729,wa_mcbr,932,72,0.05318716703914106,109976,True,18,0.12,356.372739303973,356.372739303973,0.0,16.610593098144765,16.610593098144765,60.0,57.0,0.27684321830241276,4.3062499999999995,4.3062499999999995,13.0,0.33124999999999993,0,0,0,0,6406.730553713073,42.711537024753824,11614.687766243915,602.6575951042154,60.43145799517741,115.70650006646285
06ac6393eee7a87a46f65b36cf9d1863821846f32cd08b7f9dd84710f2fa08a1,150,0,22660729,legacy_count_br,615,69,0.005344416946172714,0,False,29,0.19333333333333333,361.3199404020359,361.3199404020359,0.0,26.662981832163805,26.662981832163805,60.0,57.0,0.44438303053606343,6.825000000000001,6.825000000000001,13.0,0.5250000000000001,0,0,0,0,6323.660727840748,42.15773818560499,11180.0346049962,699.3851825517709,70.15879297251202,219.95026023269568
06ac6393eee7a87a46f65b36cf9d1863821846f32cd08b7f9dd84710f2fa08a1,150,1,22660826,wa_mcbr,1522,70,0.08354150003287941,179596,True,17,0.11333333333333333,356.1269080277282,356.1269080277282,0.0,16.644237239257908,16.644237239257908,60.0,57.0,0.2774039539876318,4.3225,4.3225,13.0,0.33249999999999996,0,0,0,0,6367.496207046909,42.449974713646064,11434.856785611972,689.6844691910798,73.92856541003036,115.97476886238168
06ac6393eee7a87a46f65b36cf9d1863821846f32cd08b7f9dd84710f2fa08a1,150,1,22660826,legacy_count_br,819,59,0.006441124947741628,0,False,30,0.2,361.9682985898374,361.9682985898374,0.0,27.881380371046816,27.881380371046816,60.0,57.0,0.4646896728507803,7.2475000000000005,7.2475000000000005,13.0,0.5575,0,0,0,0,6236.891265846122,41.57927510564082,10766.48438574924,826.0233698625228,82.81285830798743,237.01882500823038
06ac6393eee7a87a46f65b36cf9d1863821846f32cd08b7f9dd84710f2fa08a1,150,2,22660923,wa_mcbr,897,75,0.04784462496172637,105846,True,17,0.11333333333333333,357.41922211793866,357.41922211793866,0.0,16.110737287320966,16.110737287320966,60.0,57.0,0.2685122881220161,4.1925,4.1925,13.0,0.3225,0,0,0,0,6433.680617875824,42.89120411917216,11740.685774926513,587.0906341706603,63.86911332429361,111.76924087783084
06ac6393eee7a87a46f65b36cf9d1863821846f32cd08b7f9dd84710f2fa08a1,150,2,22660923,legacy_count_br,694,67,0.005934250075370073,0,False,27,0.18,361.54622670627896,361.54622670627896,0.0,25.67288282226281,25.67288282226281,60.0,57.0,0.42788138037104684,6.581250000000001,6.581250000000001,13.0,0.5062500000000001,0,0,0,0,6371.200410300044,42.47466940200029,11406.626742686136,674.5243587135955,67.65713652360319,206.97231906582098
06ac6393eee7a87a46f65b36cf9d1863821846f32cd08b7f9dd84710f2fa08a1,150,3,22661020,wa_mcbr,1192,77,0.06459470803383738,140656,True,15,0.1,357.01169137810984,357.01169137810984,0.0,13.697971738921465,13.697971738921465,60.0,57.0,0.2282995289820244,3.62375,3.62375,13.0,0.27875,0,0,0,0,6407.700763736647,42.718005091577645,11621.891322066384,726.0910253927601,72.75480442545714,93.95989038365721
06ac6393eee7a87a46f65b36cf9d1863821846f32cd08b7f9dd84710f2fa08a1,150,3,22661020,legacy_count_br,718,67,0.006083041080273688,0,False,29,0.19333333333333333,364.16944166619635,364.16944166619635,0.0,27.424781313082764,27.424781313082764,60.0,57.0,0.4570796885513794,7.036250000000001,7.036250000000001,13.0,0.54125,0,0,0,0,6273.0521597314255,41.82034773154284,10928.543937795972,874.7741535794735,87.72199296451997,230.47273371104816
06ac6393eee7a87a46f65b36cf9d1863821846f32cd08b7f9dd84710f2fa08a1,150,4,22661117,wa_mcbr,932,64,0.054936832981184125,109976,True,18,0.12,355.869460114957,355.869460114957,0.0,16.629818321637988,16.629818321637988,60.0,57.0,0.2771636386939665,4.30625,4.30625,13.0,0.33125000000000004,0,0,0,0,6396.302279596979,42.64201519731319,11567.884207430383,600.9335653872248,60.233746132408754,115.85974555609735
06ac6393eee7a87a46f65b36cf9d1863821846f32cd08b7f9dd84710f2fa08a1,150,4,22661117,legacy_count_br,921,63,0.008412374998442829,0,False,31,0.20666666666666667,362.7667250602281,362.7667250602281,0.0,29.04690954532347,29.04690954532347,60.0,57.0,0.4841151590887245,7.4750000000000005,7.4750000000000005,13.0,0.5750000000000001,0,0,0,0,6207.541551311952,41.383610342079685,10622.671734806041,859.6393143770667,86.18499374328998,254.60427633111294
06ac6393eee7a87a46f65b36cf9d1863821846f32cd08b7f9dd84710f2fa08a1,150,5,22661214,wa_mcbr,867,75,0.04732787504326552,102306,True,18,0.12,353.4206587715455,353.4206587715455,0.0,16.810054791886955,16.810054791886955,60.0,57.0,0.2801675798647826,4.4037500000000005,4.4037500000000005,13.0,0.33875000000000005,0,0,0,0,6331.351285388653,42.20900856925769,11276.396039531128,591.101686870561,66.4466406181838,117.30305694350163
06ac6393eee7a87a46f65b36cf9d1863821846f32cd08b7f9dd84710f2fa08a1,150,5,22661214,legacy_count_br,999,78,0.007635499932803214,0,False,29,0.19333333333333333,358.3621755365458,358.3621755365458,0.0,26.571662020570994,26.571662020570994,60.0,57.0,0.44286103367618324,6.955000000000001,6.955000000000001,13.0,0.535,0,0,0,0,6204.18844940877,41.3612563293918,10633.139299027554,773.9840696553341,80.66548370881652,218.7210823712097
06ac6393eee7a87a46f65b36cf9d1863821846f32cd08b7f9dd84710f2fa08a1,150,6,22661311,wa_mcbr,976,67,0.051725000026635826,115168,True,20,0.13333333333333333,355.67213902356013,355.67213902356013,0.0,17.58627319042584,17.58627319042584,60.0,57.0,0.293104553173764,4.5825000000000005,4.5825000000000005,13.0,0.35250000000000004,0,0,0,0,6415.705257333504,42.77136838222336,11657.843856619907,491.6037773113736,52.1928309953348,123.65908936382385
06ac6393eee7a87a46f65b36cf9d1863821846f32cd08b7f9dd84710f2fa08a1,150,6,22661311,legacy_count_br,496,65,0.004088458023034036,0,False,30,0.2,361.5809770531751,361.5809770531751,0.0,27.109968278381245,27.109968278381245,60.0,57.0,0.45183280463968745,7.020000000000001,7.020000000000001,13.0,0.5400000000000001,0,0,0,0,6273.51713234509,41.823447548967266,10942.740831929894,751.1725112433686,78.02773099641989,226.0652335929624
06ac6393eee7a87a46f65b36cf9d1863821846f32cd08b7f9dd84710f2fa08a1,150,7,22661408,wa_mcbr,1479,72,0.07658629200886935,174522,True,17,0.11333333333333333,355.952714786986,355.952714786986,0.0,15.839181005479189,15.839181005479189,60.0,57.0,0.2639863500913198,4.16,4.16,13.0,0.32,0,0,0,0,6352.187168482391,42.347914456549276,11362.909027529773,736.636414832248,77.00161939826405,109.66761354360531
06ac6393eee7a87a46f65b36cf9d1863821846f32cd08b7f9dd84710f2fa08a1,150,7,22661408,legacy_count_br,673,75,0.005139457993209362,0,False,30,0.2,362.99928484749904,362.99928484749904,0.0,28.794578486974913,28.794578486974913,60.0,57.0,0.47990964144958187,7.280000000000001,7.280000000000001,13.0,0.56,0,0,0,0,6277.628544670562,41.85085696447042,10953.557672664,783.5991186278236,78.58908879993949,250.68570372423991
06ac6393eee7a87a46f65b36cf9d1863821846f32cd08b7f9dd84710f2fa08a1,150,8,22661505,wa_mcbr,1246,73,0.06507429096382111,147028,True,18,0.12,357.0878065884424,357.0878065884424,0.0,17.12006152071518,17.12006152071518,60.0,57.0,0.2853343586785863,4.4037500000000005,4.4037500000000005,13.0,0.33875000000000005,0,0,0,0,6457.344340751935,43.04896227167957,11852.162007614545,477.0938848317191,53.4448674746678,119.81393472022957
06ac6393eee7a87a46f65b36cf9d1863821846f32cd08b7f9dd84710f2fa08a1,150,8,22661505,legacy_count_br,766,52,0.006055625039152801,0,False,29,0.19333333333333333,361.7688506884704,361.7688506884704,0.0,26.619725079304047,26.619725079304047,60.0,57.0,0.44366208465506746,6.87375,6.87375,13.0,0.52875,0,0,0,0,6308.090683555692,42.05393789037128,11108.228536960884,714.7943221821649,76.84610209944958,219.3671797382327
06ac6393eee7a87a46f65b36cf9d1863821846f32cd08b7f9dd84710f2fa08a1,150,9,22661602,wa_mcbr,971,69,0.05225512501783669,114578,True,20,0.13333333333333333,355.45743788095086,355.45743788095086,0.0,17.59588580217245,17.59588580217245,60.0,57.0,0.2932647633695408,4.680000000000001,4.680000000000001,13.0,0.36000000000000004,0,0,0,0,6427.06283973343,42.84708559822287,11711.755906899958,459.4027261360935,47.79534499790101,123.73926053544307
06ac6393eee7a87a46f65b36cf9d1863821846f32cd08b7f9dd84710f2fa08a1,150,9,22661602,legacy_count_br,733,60,0.006140290992334485,0,False,29,0.19333333333333333,359.1543139829635,359.1543139829635,0.0,26.124675574353557,26.124675574353557,60.0,57.0,0.4354112595725593,6.825000000000001,6.825000000000001,13.0,0.5250000000000001,0,0,0,0,6303.696724314084,42.024644828760565,11097.145888003875,652.6040994080539,67.09958634059767,212.80018728451643
06ac6393eee7a87a46f65b36cf9d1863821846f32cd08b7f9dd84710f2fa08a1,200,0,23160729,wa_mcbr,1400,58,0.07685508311260492,165200,True,21,0.105,489.2620262254642,489.2620262254642,0.0,19.129097375756995,19.129097375756995,60.0,57.0,0.31881828959594993,4.875000000000001,4.875000000000001,13.0,0.37500000000000006,0,0,0,0,8476.692082698688,42.38346041349344,15553.185001324755,562.6137189882561,56.42863451211786,137.00926666353075
06ac6393eee7a87a46f65b36cf9d1863821846f32cd08b7f9dd84710f2fa08a1,200,0,23160729,legacy_count_br,1422,70,0.011080582975409925,0,False,33,0.165,495.41922240342626,495.41922240342626,0.0,30.395078342785734,30.395078342785734,60.0,57.0,0.5065846390464289,7.67,7.67,13.0,0.59,0,0,0,0,8329.15400573877,41.64577002869385,14805.649710334126,740.1155414880079,74.23364648870171,276.6725112020261
06ac6393eee7a87a46f65b36cf9d1863821846f32cd08b7f9dd84710f2fa08a1,200,1,23160826,wa_mcbr,2547,76,0.14521920902188867,300546,True,22,0.11,486.1101380535436,486.1101380535436,0.0,19.60492165721427,19.60492165721427,60.0,57.0,0.3267486942869045,5.070000000000001,5.070000000000001,13.0,0.39000000000000007,0,0,0,0,8410.394000186121,42.0519700009306,15254.433601149662,531.122188305235,56.07277953004474,141.33236560930922
06ac6393eee7a87a46f65b36cf9d1863821846f32cd08b7f9dd84710f2fa08a1,200,1,23160826,legacy_count_br,1019,68,0.008021790999919176,0,False,32,0.16,490.63720343576637,490.63720343576637,0.0,29.409785638758052,29.409785638758052,60.0,57.0,0.49016309397930086,7.5075,7.5075,13.0,0.5775,0,0,0,0,8270.980740072207,41.354903700361035,14557.116237433791,695.2952378368882,72.38241980593065,260.3528894196022
06ac6393eee7a87a46f65b36cf9d1863821846f32cd08b7f9dd84710f2fa08a1,200,2,23160923,wa_mcbr,1430,74,0.07818120799493045,168740,True,20,0.1,486.3245893862396,486.3245893862396,0.0,18.386523118331255,18.386523118331255,60.0,57.0,0.3064420519721876,4.745000000000001,4.745000000000001,13.0,0.3650000000000001,0,0,0,0,8370.177431449085,41.850887157245424,15067.424349676145,678.4114253088076,71.21748380718756,130.46014714544765
06ac6393eee7a87a46f65b36cf9d1863821846f32cd08b7f9dd84710f2fa08a1,200,2,23160923,legacy_count_br,1252,68,0.010337874991819263,0,False,32,0.16,492.4354481643508,492.4354481643508,0.0,30.210035566663464,30.210035566663464,60.0,57.0,0.5035005927777244,7.67,7.67,13.0,0.59,0,0,0,0,8237.678678041453,41.18839339020727,14391.834417142803,791.433414921133,82.32553571261016,273.52527387425187
06ac6393eee7a87a46f65b36cf9d1863821846f32cd08b7f9dd84710f2fa08a1,200,3,23161020,wa_mcbr,2437,66,0.13303266593720764,287566,True,21,0.105,487.50090536183853,487.50090536183853,0.0,19.338171681245797,19.338171681245797,60.0,57.0,0.32230286135409664,4.988750000000001,4.988750000000001,13.0,0.3837500000000001,0,0,0,0,8407.883420923637,42.03941710461819,15236.540156647645,636.5046476207496,63.816983221136006,138.89634874292267
06ac6393eee7a87a46f65b36cf9d1863821846f32cd08b7f9dd84710f2fa08a1,200,3,23161020,legacy_count_br,978,64,0.0078052079770714045,0,False,33,0.165,494.9307014536014,494.9307014536014,0.0,31.046332788618667,31.046332788618667,60.0,57.0,0.5174388798103111,7.91375,7.91375,13.0,0.60875,0,0,0,0,8221.995760052107,41.109978800260535,14302.09688867224,875.4387912082963,87.78450521935954,288.0690891585465
06ac6393eee7a87a46f65b36cf9d1863821846f32cd08b7f9dd84710f2fa08a1,200,4,23161117,wa_mcbr,1229,69,0.0677588750841096,145022,True,18,0.09,489.6339655357916,489.6339655357916,0.0,16.663462462751127,16.663462462751127,60.0,57.0,0.27772437437918546,4.2575,4.2575,13.0,0.3275,0,0,0,0,8465.961842274002,42.32980921137001,15506.430149454129,681.7518739988251,68.34163634040932,116.12825233458288
06ac6393eee7a87a46f65b36cf9d1863821846f32cd08b7f9dd84710f2fa08a1,200,4,23161117,legacy_count_br,1201,68,0.00946900004055351,0,False,31,0.155,495.66692337061505,495.66692337061505,0.0,28.929155051427482,28.929155051427482,60.0,57.0,0.48215258419045803,7.410000000000002,7.410000000000002,13.0,0.5700000000000002,0,0,0,0,8309.555088255824,41.54777544127912,14715.81905791851,842.5577389644241,84.48573930677654,252.76768864276227
06ac6393eee7a87a46f65b36cf9d1863821846f32cd08b7f9dd84710f2fa08a1,200,5,23161214,wa_mcbr,2063,74,0.10931466694455594,243434,True,19,0.095,488.36628007804154,488.36628007804154,0.0,18.134192059982702,18.134192059982702,60.0,57.0,0.30223653433304504,4.680000000000001,4.680000000000001,13.0,0.36000000000000004,0,0,0,0,8419.219434860574,42.09609717430287,15290.553280368407,693.7879153681256,71.22528254776056,128.28760360939552
06ac6393eee7a87a46f65b36cf9d1863821846f32cd08b7f9dd84710f2fa08a1,200,5,23161214,legacy_count_br,1261,70,0.00998912495560944,0,False,33,0.165,495.83422876086235,495.83422876086235,0.0,31.40440257617995,31.40440257617995,60.0,57.0,0.5234067096029992,7.9625,7.9625,13.0,0.6125,0,0,0,0,8269.878758027196,41.349393790135984,14525.155505678147,816.9212432850487,83.50017206500821,294.55627269060113
06ac6393eee7a87a46f65b36cf9d1863821846f32cd08b7f9dd84710f2fa08a1,200,6,23161311,wa_mcbr,1244,78,0.06567666702903807,146792,True,21,0.105,489.15249314832823,489.15249314832823,0.0,19.105065846390467,19.105065846390467,60.0,57.0,0.3184177641065078,4.940000000000001,4.940000000000001,13.0,0.3800000000000001,0,0,0,0,8438.483068028512,42.19241534014256,15373.36540146345,648.1144042912364,65.01911730718818,136.79359706649745
06ac6393eee7a87a46f65b36cf9d1863821846f32cd08b7f9dd84710f2fa08a1,200,6,23161311,legacy_count_br,868,64,0.007321332930587232,0,False,33,0.165,496.1184780499014,496.1184780499014,0.0,30.928578294722676,30.928578294722676,60.0,57.0,0.5154763049120447,7.865,7.865,13.0,0.605,0,0,0,0,8264.323677652037,41.321618388260184,14496.417148549448,851.1105031372854,85.36813786211006,285.9706378335483
06ac6393eee7a87a46f65b36cf9d1863821846f32cd08b7f9dd84710f2fa08a1,200,7,23161408,wa_mcbr,1343,58,0.06904816697351635,158474,True,19,0.095,488.54436352003256,488.54436352003256,0.0,17.658367778525427,17.658367778525427,60.0,57.0,0.29430612964209046,4.550000000000001,4.550000000000001,13.0,0.35000000000000003,0,0,0,0,8435.555320442494,42.17777660221247,15366.082958550629,673.3871838986383,67.52413424365292,124.26126044315295
06ac6393eee7a87a46f65b36cf9d1863821846f32cd08b7f9dd84710f2fa08a1,200,7,23161408,legacy_count_br,745,53,0.006144665996544063,0,False,32,0.16,495.222738815598,495.222738815598,0.0,29.671729308853216,29.671729308853216,60.0,57.0,0.49452882181422025,7.54,7.54,13.0,0.58,0,0,0,0,8298.077767820483,41.490388839102415,14661.80913686766,812.8422029961268,81.53552711432174,264.58804139395573
06ac6393eee7a87a46f65b36cf9d1863821846f32cd08b7f9dd84710f2fa08a1,200,8,23161505,wa_mcbr,1268,69,0.06627916696015745,149624,True,20,0.1,487.7617305471828,487.7617305471828,0.0,18.367297894838032,18.367297894838032,60.0,57.0,0.3061216315806339,4.745000000000001,4.745000000000001,13.0,0.3650000000000001,0,0,0,0,8411.554889186928,42.05777444593464,15254.538174566218,667.4507661310706,66.90872831090533,130.2936932152712
06ac6393eee7a87a46f65b36cf9d1863821846f32cd08b7f9dd84710f2fa08a1,200,8,23161505,legacy_count_br,1375,74,0.01035037508700043,0,False,33,0.165,495.24459356145167,495.24459356145167,0.0,30.628184177641067,30.628184177641067,60.0,57.0,0.5104697362940178,7.8325,7.8325,13.0,0.6024999999999999,0,0,0,0,8238.309598141454,41.19154799070727,14377.672622214935,868.0820454495141,87.04915802834678,280.69365580664703
06ac6393eee7a87a46f65b36cf9d1863821846f32cd08b7f9dd84710f2fa08a1,200,9,23161602,wa_mcbr,2123,68,0.11466570803895593,250514,True,19,0.095,488.0575912238428,488.0575912238428,0.0,17.401230414303566,17.401230414303566,60.0,57.0,0.2900205069050594,4.5825000000000005,4.5825000000000005,13.0,0.35250000000000004,0,0,0,0,8411.270304813155,42.056351524065775,15254.574359117183,702.630038494728,72.33469037802115,122.12284640814163
06ac6393eee7a87a46f65b36cf9d1863821846f32cd08b7f9dd84710f2fa08a1,200,9,23161602,legacy_count_br,1242,68,0.010040040942840278,0,False,33,0.165,495.24373755775594,495.24373755775594,0.0,30.632990483514373,30.632990483514373,60.0,57.0,0.5105498413919062,7.865,7.865,13.0,0.605,0,0,0,0,8261.63212542899,41.30816062714495,14489.183731989042,823.2265631901166,84.35551481945943,280.7772376884176
