workload_capacity_fraction,memory_available_gb_config,memory_mode,independent_instances,public_objective_J_n,public_objective_J_mean,public_objective_J_std,public_objective_J_ci95_low,public_objective_J_ci95_high,quantized_oracle_gap_percent_n,quantized_oracle_gap_percent_mean,quantized_oracle_gap_percent_std,quantized_oracle_gap_percent_ci95_low,quantized_oracle_gap_percent_ci95_high,offload_rate_n,offload_rate_mean,offload_rate_std,offload_rate_ci95_low,offload_rate_ci95_high,workload_utilization_n,workload_utilization_mean,workload_utilization_std,workload_utilization_ci95_low,workload_utilization_ci95_high,memory_utilization_n,memory_utilization_mean,memory_utilization_std,memory_utilization_ci95_low,memory_utilization_ci95_high,true_workload_violation_n,true_workload_violation_mean,true_workload_violation_std,true_workload_violation_ci95_low,true_workload_violation_ci95_high,true_memory_violation_n,true_memory_violation_mean,true_memory_violation_std,true_memory_violation_ci95_low,true_memory_violation_ci95_high,barrier_penalty_n,barrier_penalty_mean,barrier_penalty_std,barrier_penalty_ci95_low,barrier_penalty_ci95_high,rejections_workload_n,rejections_workload_mean,rejections_workload_std,rejections_workload_ci95_low,rejections_workload_ci95_high,rejections_memory_n,rejections_memory_mean,rejections_memory_std,rejections_memory_ci95_low,rejections_memory_ci95_high,rejections_cost_n,rejections_cost_mean,rejections_cost_std,rejections_cost_ci95_low,rejections_cost_ci95_high
0.2,1.5,hard,50,50,255.99821516851895,16.26988668677256,251.37436453286637,260.62206580417154,50,0.9097493118019224,0.5481992724394424,0.753952802389586,1.0655458212142588,50,0.0622,0.006157789160643519,0.06044997568373942,0.06395002431626058,50,0.42540685986425475,0.022751734039991218,0.4189408885930141,0.4318728311354954,50,0.9598333333333333,0.03290283227751203,0.9504824518631609,0.9691842148035057,50,0.0,0.0,0.0,0.0,50,0.0,0.0,0.0,0.0,50,0.0,0.0,0.0,0.0,50,0.0,0.0,0.0,0.0,50,93.76,0.6246631745450127,93.58247269005034,93.93752730994967,50,0.02,0.14142135623730948,-0.020191504742584774,0.06019150474258478
0.2,1.5,none,50,50,252.19452889102143,14.511323918614137,248.07045626427131,256.3186015177715,0,,,,,50,0.0786,0.009691148917798072,0.07584580595142094,0.08135419404857906,50,0.5572096174008397,0.06303246660413075,0.5392959885978061,0.5751232462038733,50,1.2605666666666666,0.13283873400368085,1.2228143161747869,1.2983190171585464,50,0.0,0.0,0.0,0.0,50,1.0,0.0,1.0,1.0,50,0.0,0.0,0.0,0.0,50,0.0,0.0,0.0,0.0,50,0.0,0.0,0.0,0.0,50,92.14,0.9691148917798074,91.8645805951421,92.4154194048579
0.2,1.5,soft,50,50,256.70221453349427,16.542324956574916,252.00093779824715,261.4034912687414,0,,,,,50,0.048799999999999996,0.004797958749641905,0.047436435210553546,0.050163564789446446,50,0.3390081373724745,0.030468380871098873,0.33034911933686195,0.347667155408087,50,0.7618,0.05425238116136475,0.7463816438707844,0.7772183561292156,50,0.0,0.0,0.0,0.0,50,0.0,0.0,0.0,0.0,50,0.9631692679533294,0.4614350444246229,0.8320308793123191,1.0943076565943395,50,0.0,0.0,0.0,0.0,50,0.0,0.0,0.0,0.0,50,95.12,0.47979587496419046,94.98364352105536,95.25635647894465
0.2,2.0,hard,50,50,253.84355557888443,16.054519050445208,249.2809117482516,258.4061994095172,50,0.5445177302507789,0.672620789556498,0.3533610169177671,0.7356744435837906,50,0.07700000000000001,0.00677630927178938,0.07507419421309092,0.07892580578690911,50,0.5358641900820955,0.04046869442806558,0.5243631143796217,0.5473652657845693,50,0.9069125,0.05349092314045784,0.8917105478459181,0.9221144521540819,50,0.0,0.0,0.0,0.0,50,0.0,0.0,0.0,0.0,50,0.0,0.0,0.0,0.0,50,0.0,0.0,0.0,0.0,50,70.2,32.17807594354534,61.05509200094163,79.34490799905838,50,22.1,32.379919451312254,12.897728710732041,31.302271289267964
0.2,2.0,none,50,50,252.19706220446164,14.513622541391161,248.07233631634634,256.321788092577,0,,,,,50,0.0786,0.009691148917798072,0.07584580595142094,0.08135419404857906,50,0.5572096174008397,0.06303246660413075,0.5392959885978061,0.5751232462038733,50,0.9454249999999998,0.09962905050276065,0.91711073713109,0.9737392628689097,50,0.0,0.0,0.0,0.0,50,0.34,0.4785181206984064,0.2040066547997868,0.47599334520021325,50,0.0,0.0,0.0,0.0,50,0.0,0.0,0.0,0.0,50,0.0,0.0,0.0,0.0,50,92.14,0.9691148917798074,91.8645805951421,92.4154194048579
0.2,2.0,soft,50,50,253.84042568242984,15.298672203196896,249.49259114902134,258.18826021583834,0,,,,,50,0.06039999999999999,0.006375975315548972,0.058587967864602575,0.0622120321353974,50,0.42991533882540195,0.03968563133171645,0.4186368071925653,0.4411938704582386,50,0.7258875,0.052697195557665666,0.7109111227290679,0.7408638772709322,50,0.0,0.0,0.0,0.0,50,0.0,0.0,0.0,0.0,50,0.8905681958117415,0.4108955203309549,0.7737929809964024,1.0073434106270807,50,0.0,0.0,0.0,0.0,50,0.0,0.0,0.0,0.0,50,93.96,0.6375975315548971,93.77879678646025,94.14120321353974
0.2,3.0,hard,50,50,252.19950552376793,14.47404164163415,248.08602840290123,256.3129826446346,50,0.06043394451555775,0.059206112907734754,0.0436077534010544,0.07726013563006111,50,0.07880000000000001,0.00961291648072041,0.0760680393640362,0.08153196063596382,50,0.5566866993977583,0.06270633162602286,0.5388657571299701,0.5745076416655465,50,0.6292,0.06657784474155677,0.6102787858787666,0.6481212141212334,50,0.0,0.0,0.0,0.0,50,0.0,0.0,0.0,0.0,50,0.0,0.0,0.0,0.0,50,0.0,0.0,0.0,0.0,50,0.0,0.0,0.0,0.0,50,92.12,0.9612916480720413,91.84680393640362,92.39319606359639
0.2,3.0,none,50,50,252.2064926776939,14.502790202908216,248.0848453061131,256.3281400492747,0,,,,,50,0.0786,0.009691148917798072,0.07584580595142094,0.08135419404857906,50,0.5579782258150792,0.06230662994413242,0.5402708775084206,0.5756855741217377,50,0.6306083333333333,0.06604263690568223,0.6118392235960922,0.6493774430705744,50,0.0,0.0,0.0,0.0,50,0.0,0.0,0.0,0.0,50,0.0,0.0,0.0,0.0,50,0.0,0.0,0.0,0.0,50,0.0,0.0,0.0,0.0,50,92.14,0.9691148917798074,91.8645805951421,92.4154194048579
0.2,3.0,soft,50,50,252.3901980720852,14.5313463445474,248.26043513484547,256.51996100932496,0,,,,,50,0.07440000000000001,0.00884330716602409,0.07188675991123311,0.0769132400887669,50,0.5280432168880766,0.04853187542767279,0.5142506105002216,0.5418358232759317,50,0.5959416666666666,0.05301007543922725,0.5808763699172468,0.6110069634160864,50,0.0,0.0,0.0,0.0,50,0.0,0.0,0.0,0.0,50,0.3929086966483715,0.1992926397500512,0.33627035510796366,0.4495470381887794,50,0.0,0.0,0.0,0.0,50,0.0,0.0,0.0,0.0,50,92.56,0.8843307166024094,92.30867599112331,92.8113240088767
0.2,5.0,hard,50,50,252.20666898744236,14.50258866026253,248.0850788936477,256.328259081237,50,0.06285387890674266,0.08395487221940358,0.03899416821844236,0.08671358959504295,50,0.0786,0.009691148917798072,0.07584580595142094,0.08135419404857906,50,0.5579782258150792,0.06230662994413242,0.5402708775084206,0.5756855741217377,50,0.37836499999999995,0.03962558214340935,0.3671035341576553,0.3896264658423446,50,0.0,0.0,0.0,0.0,50,0.0,0.0,0.0,0.0,50,0.0,0.0,0.0,0.0,50,0.0,0.0,0.0,0.0,50,0.0,0.0,0.0,0.0,50,92.14,0.9691148917798074,91.8645805951421,92.4154194048579
0.2,5.0,none,50,50,252.20666898744236,14.50258866026253,248.0850788936477,256.328259081237,0,,,,,50,0.0786,0.009691148917798072,0.07584580595142094,0.08135419404857906,50,0.5579782258150792,0.06230662994413242,0.5402708775084206,0.5756855741217377,50,0.37836499999999995,0.03962558214340935,0.3671035341576553,0.3896264658423446,50,0.0,0.0,0.0,0.0,50,0.0,0.0,0.0,0.0,50,0.0,0.0,0.0,0.0,50,0.0,0.0,0.0,0.0,50,0.0,0.0,0.0,0.0,50,92.14,0.9691148917798074,91.8645805951421,92.4154194048579
0.2,5.0,soft,50,50,252.26085115079147,14.518498518924122,248.13473952519382,256.3869627763891,0,,,,,50,0.07780000000000001,0.009538322275784912,0.07508923880251706,0.08051076119748296,50,0.5541443682864067,0.06058743331168797,0.5369256102566677,0.5713631263161456,50,0.3756999999999999,0.03897235414694758,0.36462417950017145,0.3867758204998284,50,0.0,0.0,0.0,0.0,50,0.0,0.0,0.0,0.0,50,0.06773412255155518,0.02758565731530102,0.05989436548576386,0.07557387961734652,50,0.0,0.0,0.0,0.0,50,0.0,0.0,0.0,0.0,50,92.22,0.9538322275784913,91.9489238802517,92.4910761197483
0.2,13.0,hard,50,50,252.2012171516278,14.517929085737666,248.07526735715115,256.32716694610446,50,0.0611021736573227,0.08289523873179418,0.03754360747417896,0.08466073984046643,50,0.0786,0.009691148917798072,0.07584580595142094,0.08135419404857906,50,0.5576015226060395,0.06158272050855875,0.5400999070846346,0.5751031381274443,50,0.145525,0.014978918008116517,0.1412680386033649,0.14978196139663508,50,0.0,0.0,0.0,0.0,50,0.0,0.0,0.0,0.0,50,0.0,0.0,0.0,0.0,50,0.0,0.0,0.0,0.0,50,0.0,0.0,0.0,0.0,50,92.14,0.9691148917798074,91.8645805951421,92.4154194048579
0.2,13.0,none,50,50,252.2012171516278,14.517929085737666,248.07526735715115,256.32716694610446,0,,,,,50,0.0786,0.009691148917798072,0.07584580595142094,0.08135419404857906,50,0.5576015226060395,0.06158272050855875,0.5400999070846346,0.5751031381274443,50,0.145525,0.014978918008116517,0.1412680386033649,0.14978196139663508,50,0.0,0.0,0.0,0.0,50,0.0,0.0,0.0,0.0,50,0.0,0.0,0.0,0.0,50,0.0,0.0,0.0,0.0,50,0.0,0.0,0.0,0.0,50,92.14,0.9691148917798074,91.8645805951421,92.4154194048579
0.2,13.0,soft,50,50,252.20135811550128,14.517800996252795,248.07544472365345,256.3272715073491,0,,,,,50,0.0786,0.009691148917798072,0.07584580595142094,0.08135419404857906,50,0.557218148917581,0.06213781319524268,0.539558777800112,0.5748775200350501,50,0.14544999999999997,0.015022856735314881,0.14118055135526064,0.1497194486447393,50,0.0,0.0,0.0,0.0,50,0.0,0.0,0.0,0.0,50,0.010274807830061858,0.0022055998710295063,0.009647983282233485,0.010901632377890231,50,0.0,0.0,0.0,0.0,50,0.0,0.0,0.0,0.0,50,92.14,0.9691148917798074,91.8645805951421,92.4154194048579
0.4,1.5,hard,50,50,255.29733065653082,16.299851758240113,250.66496404179244,259.9296972712692,50,0.9444218438561869,0.541229515189816,0.7906061175377628,1.098237570174611,50,0.0622,0.006157789160643519,0.06044997568373942,0.06395002431626058,50,0.2130953441235465,0.011468767169724864,0.20983595655749804,0.21635473168959496,50,0.9609166666666666,0.033210765302425505,0.9514782715991106,0.9703550617342227,50,0.0,0.0,0.0,0.0,50,0.0,0.0,0.0,0.0,50,0.0,0.0,0.0,0.0,50,0.0,0.0,0.0,0.0,50,93.76,0.6246631745450127,93.58247269005034,93.93752730994967,50,0.02,0.14142135623730948,-0.020191504742584774,0.06019150474258478
0.4,1.5,none,50,50,248.1506601215423,13.349394784425565,244.35680410103745,251.94451614204715,0,,,,,50,0.12220000000000003,0.01542460266415115,0.11781637642557721,0.12658362357442285,50,0.44298059305963006,0.04573438767397967,0.42998302389466236,0.45597816222459775,50,1.9701499999999996,0.18322149418041886,1.9180790274946955,2.0222209725053037,50,0.0,0.0,0.0,0.0,50,1.0,0.0,1.0,1.0,50,0.0,0.0,0.0,0.0,50,0.0,0.0,0.0,0.0,50,0.0,0.0,0.0,0.0,50,87.78,1.542460266415115,87.34163764255771,88.21836235744229
0.4,1.5,soft,50,50,256.15266472287254,16.060181366795554,251.58841167973813,260.71691776600693,0,,,,,50,0.0496,0.005699982098074286,0.047980083011345334,0.05121991698865466,50,0.17130678938859656,0.013133871738908183,0.1675741843399146,0.1750393944372785,50,0.7728500000000001,0.04916510720460101,0.7588774311323421,0.7868225688676582,50,0.0,0.0,0.0,0.0,50,0.0,0.0,0.0,0.0,50,1.0673916275209048,0.5527970945786963,0.9102884315144637,1.2244948235273458,50,0.0,0.0,0.0,0.0,50,0.0,0.0,0.0,0.0,50,95.04,0.5699982098074287,94.87800830113454,95.20199169886547
0.4,2.0,hard,50,50,253.9814725651473,16.015368397613763,249.4299552269398,258.5329899033548,50,1.2287242012281148,0.6763256864122882,1.0365145678587515,1.420933834597478,50,0.08259999999999999,0.006942915931555921,0.08062684512428059,0.0845731548757194,50,0.28857223627607587,0.012593783489702012,0.28499312260950854,0.2921513499426432,50,0.9634625,0.026523781805683547,0.9559245246149699,0.9710004753850301,50,0.0,0.0,0.0,0.0,50,0.0,0.0,0.0,0.0,50,0.0,0.0,0.0,0.0,50,0.0,0.0,0.0,0.0,50,91.7,0.6776309271789385,91.5074194213091,91.89258057869091,50,0.04,0.28284271247461895,-0.04038300948516955,0.12038300948516956
0.4,2.0,none,50,50,248.1506601215423,13.349394784425565,244.35680410103745,251.94451614204715,0,,,,,50,0.12220000000000003,0.01542460266415115,0.11781637642557721,0.12658362357442285,50,0.44298059305963006,0.04573438767397967,0.42998302389466236,0.45597816222459775,50,1.4776125,0.1374161206353141,1.438559270621022,1.516665729378978,50,0.0,0.0,0.0,0.0,50,1.0,0.0,1.0,1.0,50,0.0,0.0,0.0,0.0,50,0.0,0.0,0.0,0.0,50,0.0,0.0,0.0,0.0,50,87.78,1.542460266415115,87.34163764255771,88.21836235744229
0.4,2.0,soft,50,50,253.24129080149035,15.190136579297407,248.92430175110337,257.55827985187733,0,,,,,50,0.0628,0.006401530429259453,0.06098070518164423,0.06461929481835577,50,0.22372033708447112,0.016629975376759996,0.21899415037542452,0.2284465237935177,50,0.7535125,0.044526972807478825,0.7408580743433707,0.7661669256566294,50,0.0,0.0,0.0,0.0,50,0.0,0.0,0.0,0.0,50,1.1310974198645547,0.5075108722529256,0.9868644258403783,1.2753304138887311,50,0.0,0.0,0.0,0.0,50,0.0,0.0,0.0,0.0,50,93.72,0.6401530429259452,93.53807051816442,93.90192948183558
0.4,3.0,hard,50,50,250.07981939074747,14.992839878060913,245.8189014424516,254.34073733904336,50,0.6196428906376665,0.8583281781338089,0.37570872142865935,0.8635770598466737,50,0.1184,0.009337219793353252,0.11574639149565652,0.12105360850434349,50,0.4261254891012033,0.024238667213227556,0.41923693609779655,0.43301404210461003,50,0.9475916666666664,0.0428527023162483,0.9354130634188941,0.9597702699144387,50,0.0,0.0,0.0,0.0,50,0.0,0.0,0.0,0.0,50,0.0,0.0,0.0,0.0,50,0.0,0.0,0.0,0.0,50,73.1,29.18152197007202,64.80670321752596,81.39329678247402,50,15.06,29.647183849466742,6.634363575677764,23.485636424322237
0.4,3.0,none,50,50,248.1506601215423,13.349394784425565,244.35680410103745,251.94451614204715,0,,,,,50,0.12220000000000003,0.01542460266415115,0.11781637642557721,0.12658362357442285,50,0.44298059305963006,0.04573438767397967,0.42998302389466236,0.45597816222459775,50,0.9850749999999998,0.09161074709020942,0.9590395137473477,1.0111104862526519,50,0.0,0.0,0.0,0.0,50,0.28,0.4535573676110727,0.15110042233801238,0.4088995776619877,50,0.0,0.0,0.0,0.0,50,0.0,0.0,0.0,0.0,50,0.0,0.0,0.0,0.0,50,87.78,1.542460266415115,87.34163764255771,88.21836235744229
0.4,3.0,soft,50,50,250.05746178861452,13.956288283000209,246.09112854419396,254.02379503303507,0,,,,,50,0.0862,0.009452350965527581,0.08351367157855503,0.08888632842144496,50,0.307041600986558,0.02599383830411003,0.2996542338782655,0.31442896809485055,50,0.6895416666666665,0.051749867861629814,0.6748345169480717,0.7042488163852613,50,0.0,0.0,0.0,0.0,50,0.0,0.0,0.0,0.0,50,0.9648845632196218,0.5174871902260167,0.8178163309980673,1.1119527954411763,50,0.0,0.0,0.0,0.0,50,0.0,0.0,0.0,0.0,50,91.38,0.9452350965527582,91.1113671578555,91.6486328421445
0.4,5.0,hard,50,50,248.15435995821176,13.36580647815709,244.35583978595506,251.95288013046846,50,0.022098022642002387,0.034137468194625056,0.012396261526504457,0.03179978375750032,50,0.12180000000000002,0.015211435011268357,0.1174769580022199,0.12612304199778013,50,0.4424027923067832,0.04735245365072778,0.4289453738792391,0.4558602107343273,50,0.59059,0.05592683266773564,0.5746957700179937,0.6064842299820062,50,0.0,0.0,0.0,0.0,50,0.0,0.0,0.0,0.0,50,0.0,0.0,0.0,0.0,50,0.0,0.0,0.0,0.0,50,0.0,0.0,0.0,0.0,50,87.82,1.521143501126836,87.38769580022198,88.25230419977801
0.4,5.0,none,50,50,248.1506601215423,13.349394784425565,244.35680410103745,251.94451614204715,0,,,,,50,0.12220000000000003,0.01542460266415115,0.11781637642557721,0.12658362357442285,50,0.44298059305963006,0.04573438767397967,0.42998302389466236,0.45597816222459775,50,0.591045,0.05496644825412566,0.5754237082484088,0.6066662917515913,50,0.0,0.0,0.0,0.0,50,0.0,0.0,0.0,0.0,50,0.0,0.0,0.0,0.0,50,0.0,0.0,0.0,0.0,50,0.0,0.0,0.0,0.0,50,87.78,1.542460266415115,87.34163764255771,88.21836235744229
0.4,5.0,soft,50,50,248.25896744538633,13.389179197090662,244.45380481990432,252.06413007086834,0,,,,,50,0.11419999999999998,0.014298565648058438,0.11013639260472251,0.11826360739527746,50,0.4127555701207624,0.042650978965797205,0.40063429601486833,0.4248768442266565,50,0.5515249999999999,0.05016112431811261,0.5372693662006619,0.565780633799338,50,0.0,0.0,0.0,0.0,50,0.0,0.0,0.0,0.0,50,0.4310281306314524,0.25863562791796546,0.357524698458003,0.5045315628049017,50,0.0,0.0,0.0,0.0,50,0.0,0.0,0.0,0.0,50,88.58,1.4298565648058434,88.17363926047226,88.98636073952774
0.4,13.0,hard,50,50,248.1506601215423,13.349394784425565,244.35680410103745,251.94451614204715,50,0.020982117107089814,0.028148253973167624,0.01298247184022039,0.02898176237395924,50,0.12220000000000003,0.01542460266415115,0.11781637642557721,0.12658362357442285,50,0.44298059305963006,0.04573438767397967,0.42998302389466236,0.45597816222459775,50,0.22732499999999994,0.021140941636202188,0.22131681086477253,0.23333318913522735,50,0.0,0.0,0.0,0.0,50,0.0,0.0,0.0,0.0,50,0.0,0.0,0.0,0.0,50,0.0,0.0,0.0,0.0,50,0.0,0.0,0.0,0.0,50,87.78,1.542460266415115,87.34163764255771,88.21836235744229
0.4,13.0,none,50,50,248.1506601215423,13.349394784425565,244.35680410103745,251.94451614204715,0,,,,,50,0.12220000000000003,0.01542460266415115,0.11781637642557721,0.12658362357442285,50,0.44298059305963006,0.04573438767397967,0.42998302389466236,0.45597816222459775,50,0.22732499999999994,0.021140941636202188,0.22131681086477253,0.23333318913522735,50,0.0,0.0,0.0,0.0,50,0.0,0.0,0.0,0.0,50,0.0,0.0,0.0,0.0,50,0.0,0.0,0.0,0.0,50,0.0,0.0,0.0,0.0,50,87.78,1.542460266415115,87.34163764255771,88.21836235744229
0.4,13.0,soft,50,50,248.14871723711155,13.351462669596662,244.35427353014356,251.94316094407955,0,,,,,50,0.12180000000000002,0.015477435847328304,0.11740136140105242,0.12619863859894762,50,0.4422191717199645,0.04724856365980039,0.4287912785011594,0.4556470649387696,50,0.22702499999999998,0.021744530745613708,0.22084527273786633,0.23320472726213362,50,0.0,0.0,0.0,0.0,50,0.0,0.0,0.0,0.0,50,0.03117036051815841,0.009649820248916313,0.02842791194731737,0.03391280908899945,50,0.0,0.0,0.0,0.0,50,0.0,0.0,0.0,0.0,50,87.82,1.5477435847328307,87.38013614010524,88.25986385989475
0.6,1.5,hard,50,50,255.1396963246548,16.29259288121184,250.50939265994228,259.7699999893673,50,0.9449539099655471,0.54308209346164,0.7906116867277109,1.0992961332033833,50,0.0622,0.006157789160643519,0.06044997568373942,0.06395002431626058,50,0.14206356274903092,0.007645844779816573,0.13989063770499863,0.14423648779306322,50,0.9598333333333335,0.033977199904916905,0.9501771199618063,0.9694895467048608,50,0.0,0.0,0.0,0.0,50,0.0,0.0,0.0,0.0,50,0.0,0.0,0.0,0.0,50,0.0,0.0,0.0,0.0,50,93.76,0.6246631745450127,93.58247269005034,93.93752730994967,50,0.02,0.14142135623730948,-0.020191504742584774,0.06019150474258478
0.6,1.5,none,50,50,246.52902326143894,13.206453812171212,242.7757906157703,250.28225590710758,0,,,,,50,0.1462,0.018940292866731257,0.14081722832510676,0.15158277167489323,50,0.354673751907647,0.036496543558802795,0.3443015489917723,0.3650459548235217,50,2.3525666666666667,0.21043476483089268,2.2927617682147434,2.41237156511859,50,0.0,0.0,0.0,0.0,50,1.0,0.0,1.0,1.0,50,0.0,0.0,0.0,0.0,50,0.0,0.0,0.0,0.0,50,0.0,0.0,0.0,0.0,50,85.38,1.8940292866731259,84.84172283251067,85.91827716748932
0.6,1.5,soft,50,50,255.68653546673167,15.847738271458931,251.1826580832637,260.1904128501996,0,,,,,50,0.0496,0.005329930887479322,0.04808525040176881,0.05111474959823119,50,0.1159469172305772,0.00965521412743288,0.11320293573642283,0.11869089872473158,50,0.7810833333333334,0.051059702838620755,0.7665723263440509,0.7955943403226158,50,0.0,0.0,0.0,0.0,50,0.0,0.0,0.0,0.0,50,1.1417499775483055,0.5344954916367742,0.9898480395484901,1.293651915548121,50,0.0,0.0,0.0,0.0,50,0.0,0.0,0.0,0.0,50,95.04,0.5329930887479323,94.88852504017689,95.19147495982313
0.6,2.0,hard,50,50,253.64517074818426,16.047627489846153,249.08448547740315,258.2058560189654,50,1.2428217719238537,0.6987430775083643,1.0442411864965675,1.4414023573511399,50,0.08259999999999999,0.006942915931555921,0.08062684512428059,0.0845731548757194,50,0.19264276697832997,0.00850454617818496,0.19022580169707157,0.19505973225958836,50,0.9642750000000001,0.026743824387270083,0.9566744892052079,0.9718755107947923,50,0.0,0.0,0.0,0.0,50,0.0,0.0,0.0,0.0,50,0.0,0.0,0.0,0.0,50,0.0,0.0,0.0,0.0,50,91.7,0.6776309271789385,91.5074194213091,91.89258057869091,50,0.04,0.28284271247461895,-0.04038300948516955,0.12038300948516956
0.6,2.0,none,50,50,246.52902326143894,13.206453812171212,242.7757906157703,250.28225590710758,0,,,,,50,0.1462,0.018940292866731257,0.14081722832510676,0.15158277167489323,50,0.354673751907647,0.036496543558802795,0.3443015489917723,0.3650459548235217,50,1.764425,0.15782607362316953,1.7195713261610577,1.8092786738389421,50,0.0,0.0,0.0,0.0,50,1.0,0.0,1.0,1.0,50,0.0,0.0,0.0,0.0,50,0.0,0.0,0.0,0.0,50,0.0,0.0,0.0,0.0,50,85.38,1.8940292866731259,84.84172283251067,85.91827716748932
0.6,2.0,soft,50,50,252.82938083987668,14.89395171313141,248.5965665970995,257.0621950826539,0,,,,,50,0.0636,0.006928203230275511,0.061631026427720344,0.06556897357227966,50,0.14915948420223188,0.012402104005291426,0.14563484524239706,0.1526841231620667,50,0.755625,0.050886434431817604,0.7411632353470878,0.7700867646529121,50,0.0,0.0,0.0,0.0,50,0.0,0.0,0.0,0.0,50,1.2036072886928935,0.6302960053266742,1.0244791459475329,1.382735431438254,50,0.0,0.0,0.0,0.0,50,0.0,0.0,0.0,0.0,50,93.64,0.6928203230275509,93.44310264277203,93.83689735722797
0.6,3.0,hard,50,50,251.97182819363218,15.671553791370577,247.51802188539247,256.42563450187185,50,1.6330591556579206,1.0161920919050533,1.3442605585588767,1.9218577527569645,50,0.1234,0.006262945776223711,0.12162009050425696,0.12517990949574304,50,0.2961958598381555,0.010750071527441967,0.29314072331370233,0.29925099636260866,50,0.9777083333333333,0.01927546942762558,0.9722303055337981,0.9831863611328685,50,0.0,0.0,0.0,0.0,50,0.0,0.0,0.0,0.0,50,0.0,0.0,0.0,0.0,50,0.0,0.0,0.0,0.0,50,87.52,0.762380803664362,87.30333377290827,87.73666622709172,50,0.14,0.5349041493385445,-0.01201807723363263,0.29201807723363266
0.6,3.0,none,50,50,246.52902326143894,13.206453812171212,242.7757906157703,250.28225590710758,0,,,,,50,0.1462,0.018940292866731257,0.14081722832510676,0.15158277167489323,50,0.354673751907647,0.036496543558802795,0.3443015489917723,0.3650459548235217,50,1.1762833333333331,0.10521738241544638,1.1463808841073715,1.2061857825592948,50,0.0,0.0,0.0,0.0,50,0.96,0.19794866372215741,0.9037436122205812,1.0162563877794188,50,0.0,0.0,0.0,0.0,50,0.0,0.0,0.0,0.0,50,0.0,0.0,0.0,0.0,50,85.38,1.8940292866731259,84.84172283251067,85.91827716748932
0.6,3.0,soft,50,50,249.43977504428102,13.950919133562785,245.47496769524727,253.40458239331477,0,,,,,50,0.08819999999999999,0.007743331561638659,0.08599936951912145,0.09040063048087853,50,0.20976193136625618,0.014095153796333753,0.20575613297960943,0.21376772975290292,50,0.7044916666666667,0.03982541353112572,0.6931734093723038,0.7158099239610297,50,0.0,0.0,0.0,0.0,50,0.0,0.0,0.0,0.0,50,1.054014498708825,0.3868087587472317,0.9440846657946553,1.1639443316229945,50,0.0,0.0,0.0,0.0,50,0.0,0.0,0.0,0.0,50,91.18,0.7743331561638659,90.95993695191216,91.40006304808786
0.6,5.0,hard,50,50,246.52507268866214,13.213356263750423,242.76987838795947,250.2802669893648,50,0.017073648438268193,0.036982736214078826,0.006563271098598939,0.02758402577793745,50,0.14600000000000002,0.019059520091609047,0.14058334432270705,0.15141665567729298,50,0.35388645634471433,0.036646803763503155,0.34347154995115764,0.364301362738271,50,0.70434,0.06454419779800316,0.685996741945313,0.7226832580546869,50,0.0,0.0,0.0,0.0,50,0.0,0.0,0.0,0.0,50,0.0,0.0,0.0,0.0,50,0.0,0.0,0.0,0.0,50,0.0,0.0,0.0,0.0,50,85.4,1.9059520091609048,84.85833443227071,85.9416655677293
0.6,5.0,none,50,50,246.52939859146284,13.206077231545743,242.77627296882378,250.2825242141019,0,,,,,50,0.1462,0.018940292866731257,0.14081722832510676,0.15158277167489323,50,0.354673751907647,0.036496543558802795,0.3443015489917723,0.3650459548235217,50,0.70577,0.06313042944926782,0.687828530464423,0.723711469535577,50,0.0,0.0,0.0,0.0,50,0.0,0.0,0.0,0.0,50,0.0,0.0,0.0,0.0,50,0.0,0.0,0.0,0.0,50,0.0,0.0,0.0,0.0,50,85.38,1.8940292866731259,84.84172283251067,85.91827716748932
0.6,5.0,soft,50,50,246.92145917884582,13.254901644326747,243.154457811623,250.68846054606865,0,,,,,50,0.1244,0.013425531570823691,0.12058450614421326,0.12821549385578673,50,0.3010006539429385,0.02563003971919217,0.2937166772485134,0.3082846306373636,50,0.6016400000000001,0.04305928992656049,0.5894026852029927,0.6138773147970075,50,0.0,0.0,0.0,0.0,50,0.0,0.0,0.0,0.0,50,0.6770734599337139,0.3485614633629809,0.5780133880989647,0.7761335317684631,50,0.0,0.0,0.0,0.0,50,0.0,0.0,0.0,0.0,50,87.56,1.3425531570823694,87.17845061442132,87.94154938557868
0.6,13.0,hard,50,50,246.52939859146284,13.206077231545743,242.77627296882378,250.2825242141019,50,0.012267066643048545,0.021862973290313004,0.006053678382154459,0.01848045490394263,50,0.1462,0.018940292866731257,0.14081722832510676,0.15158277167489323,50,0.354673751907647,0.036496543558802795,0.3443015489917723,0.3650459548235217,50,0.27144999999999997,0.02428093440356455,0.26454943479400883,0.2783505652059911,50,0.0,0.0,0.0,0.0,50,0.0,0.0,0.0,0.0,50,0.0,0.0,0.0,0.0,50,0.0,0.0,0.0,0.0,50,0.0,0.0,0.0,0.0,50,85.38,1.8940292866731259,84.84172283251067,85.91827716748932
0.6,13.0,none,50,50,246.52939859146284,13.206077231545743,242.77627296882378,250.2825242141019,0,,,,,50,0.1462,0.018940292866731257,0.14081722832510676,0.15158277167489323,50,0.354673751907647,0.036496543558802795,0.3443015489917723,0.3650459548235217,50,0.27144999999999997,0.02428093440356455,0.26454943479400883,0.2783505652059911,50,0.0,0.0,0.0,0.0,50,0.0,0.0,0.0,0.0,50,0.0,0.0,0.0,0.0,50,0.0,0.0,0.0,0.0,50,0.0,0.0,0.0,0.0,50,85.38,1.8940292866731259,84.84172283251067,85.91827716748932
0.6,13.0,soft,50,50,246.52547911078716,13.209578488137781,242.77135844203437,250.27959977953995,0,,,,,50,0.14560000000000003,0.018423587365889723,0.14036407440366333,0.15083592559633674,50,0.35324107443839226,0.0358939132597308,0.34304013715854026,0.36344201171824425,50,0.2704,0.024024912665219597,0.263572195366985,0.27722780463301494,50,0.0,0.0,0.0,0.0,50,0.0,0.0,0.0,0.0,50,0.0531207423492856,0.01777327048644348,0.0480696347651633,0.0581718499334079,50,0.0,0.0,0.0,0.0,50,0.0,0.0,0.0,0.0,50,85.44,1.8423587365889722,84.91640744036633,85.96359255963367
0.8,1.5,hard,50,50,255.0675146776254,16.29296759815369,250.43710451953632,259.6979248357145,50,0.9475905847368127,0.5425829181921427,0.7933902255409089,1.1017909439327165,50,0.0622,0.006157789160643519,0.06044997568373942,0.06395002431626058,50,0.10654767206177324,0.005734383584862442,0.104917978278749,0.10817736584479747,50,0.9598333333333335,0.033977199904916905,0.9501771199618063,0.9694895467048608,50,0.0,0.0,0.0,0.0,50,0.0,0.0,0.0,0.0,50,0.0,0.0,0.0,0.0,50,0.0,0.0,0.0,0.0,50,93.76,0.6246631745450127,93.58247269005034,93.93752730994967,50,0.02,0.14142135623730948,-0.020191504742584774,0.06019150474258478
0.8,1.5,none,50,50,245.7072457796925,13.217839734459115,241.9507772907127,249.4637142686723,0,,,,,50,0.15860000000000002,0.022498072479795295,0.15220611854652719,0.16499388145347285,50,0.289912278687491,0.0331686657780714,0.28048584817237426,0.2993387092026077,50,2.556666666666666,0.2567462218786861,2.483700197748335,2.6296331355849976,50,0.0,0.0,0.0,0.0,50,1.0,0.0,1.0,1.0,50,0.0,0.0,0.0,0.0,50,0.0,0.0,0.0,0.0,50,0.0,0.0,0.0,0.0,50,84.14,2.2498072479795295,83.50061185465272,84.77938814534728
0.8,1.5,soft,50,50,255.49276391714247,15.856529155533147,250.9863881920636,259.99913964222134,0,,,,,50,0.049800000000000004,0.0047337261502231115,0.048454689913328686,0.05114531008667132,50,0.08760956456387375,0.006766779780094135,0.08568646702853891,0.0895326620992086,50,0.7860666666666667,0.04795921358613435,0.7724368089734392,0.7996965243598941,50,0.0,0.0,0.0,0.0,50,0.0,0.0,0.0,0.0,50,1.1670848340790425,0.49844297532808896,1.025428907846864,1.308740760311221,50,0.0,0.0,0.0,0.0,50,0.0,0.0,0.0,0.0,50,95.02,0.4733726150223111,94.88546899133287,95.15453100866712
0.8,2.0,hard,50,50,253.50080426576275,16.050942435657433,248.93917689780594,258.06243163371954,50,1.2461063515205075,0.6982250466137954,1.0476729888445075,1.4445397141965075,50,0.08259999999999999,0.006942915931555921,0.08062684512428059,0.0845731548757194,50,0.14448207523374745,0.006378409633638719,0.14266935127280367,0.14629479919469124,50,0.9642750000000001,0.026743824387270083,0.9566744892052079,0.9718755107947923,50,0.0,0.0,0.0,0.0,50,0.0,0.0,0.0,0.0,50,0.0,0.0,0.0,0.0,50,0.0,0.0,0.0,0.0,50,91.7,0.6776309271789385,91.5074194213091,91.89258057869091,50,0.04,0.28284271247461895,-0.04038300948516955,0.12038300948516956
0.8,2.0,none,50,50,245.7072457796925,13.217839734459115,241.9507772907127,249.4637142686723,0,,,,,50,0.15860000000000002,0.022498072479795295,0.15220611854652719,0.16499388145347285,50,0.289912278687491,0.0331686657780714,0.28048584817237426,0.2993387092026077,50,1.9175,0.19255966640901456,1.8627751483112513,1.9722248516887486,50,0.0,0.0,0.0,0.0,50,1.0,0.0,1.0,1.0,50,0.0,0.0,0.0,0.0,50,0.0,0.0,0.0,0.0,50,0.0,0.0,0.0,0.0,50,84.14,2.2498072479795295,83.50061185465272,84.77938814534728
0.8,2.0,soft,50,50,252.72485268568926,14.88881036163831,248.4934995988394,256.9562057725391,0,,,,,50,0.06319999999999999,0.006207303137828697,0.0614359039671203,0.06496409603287968,50,0.11166184968651376,0.010220602094068169,0.10875718671010651,0.114566512662921,50,0.7538375,0.05238127519516328,0.7389509063026781,0.768724093697322,50,0.0,0.0,0.0,0.0,50,0.0,0.0,0.0,0.0,50,1.1707621369443657,0.5803272349765278,1.005834961605505,1.3356893122832265,50,0.0,0.0,0.0,0.0,50,0.0,0.0,0.0,0.0,50,93.68,0.6207303137828695,93.50359039671204,93.85640960328797
0.8,3.0,hard,50,50,251.8528519694104,15.753215217003424,247.37583774079056,256.3298661980303,50,1.7419760320536255,0.9830281031736471,1.462602536267743,2.021349527839508,50,0.1238,0.0063535302736963135,0.12199434667491858,0.12560565332508142,50,0.2218682344861108,0.008246875161086895,0.21952449849766406,0.22421197047455751,50,0.97695,0.01853140528560664,0.9716834328899137,0.9822165671100863,50,0.0,0.0,0.0,0.0,50,0.0,0.0,0.0,0.0,50,0.0,0.0,0.0,0.0,50,0.0,0.0,0.0,0.0,50,87.52,0.7351245903010633,87.31107990303884,87.72892009696115,50,0.1,0.4629100498862757,-0.03155758055505098,0.231557580555051
0.8,3.0,none,50,50,245.7072457796925,13.217839734459115,241.9507772907127,249.4637142686723,0,,,,,50,0.15860000000000002,0.022498072479795295,0.15220611854652719,0.16499388145347285,50,0.289912278687491,0.0331686657780714,0.28048584817237426,0.2993387092026077,50,1.278333333333333,0.12837311093934303,1.2418500988741674,1.3148165677924988,50,0.0,0.0,0.0,0.0,50,1.0,0.0,1.0,1.0,50,0.0,0.0,0.0,0.0,50,0.0,0.0,0.0,0.0,50,0.0,0.0,0.0,0.0,50,84.14,2.2498072479795295,83.50061185465272,84.77938814534728
0.8,3.0,soft,50,50,249.14483891591703,13.927559347277475,245.1866703446906,253.10300748714346,0,,,,,50,0.0894,0.008668497975016037,0.08693644013362933,0.09186355986637065,50,0.16060441877157824,0.012076659295171547,0.15717227017499721,0.16403656736815928,50,0.7175999999999999,0.044184998121046926,0.7050427624739136,0.7301572375260862,50,0.0,0.0,0.0,0.0,50,0.0,0.0,0.0,0.0,50,1.216381131849487,0.560556435066574,1.0570727556756705,1.3756895080233036,50,0.0,0.0,0.0,0.0,50,0.0,0.0,0.0,0.0,50,91.06,0.8668497975016037,90.81364401336293,91.30635598663707
0.8,5.0,hard,50,50,245.7039476585303,13.214027131400048,241.94856269935116,249.45933261770944,50,0.012962464560552753,0.033221254661188374,0.0035210884502201584,0.02240384067088535,50,0.15960000000000002,0.022035222268181533,0.15333765912123334,0.1658623408787667,50,0.2913409589110505,0.032436087933488324,0.2821227247157701,0.3005591931063309,50,0.770315,0.0754646120944872,0.7488681945415416,0.7917618054584583,50,0.0,0.0,0.0,0.0,50,0.0,0.0,0.0,0.0,50,0.0,0.0,0.0,0.0,50,0.0,0.0,0.0,0.0,50,0.0,0.0,0.0,0.0,50,84.04,2.203522226818153,83.41376591212334,84.66623408787667
0.8,5.0,none,50,50,245.7072457796925,13.217839734459115,241.9507772907127,249.4637142686723,0,,,,,50,0.15860000000000002,0.022498072479795295,0.15220611854652719,0.16499388145347285,50,0.289912278687491,0.0331686657780714,0.28048584817237426,0.2993387092026077,50,0.767,0.07702386656360585,0.7451100593245006,0.7888899406754994,50,0.0,0.0,0.0,0.0,50,0.0,0.0,0.0,0.0,50,0.0,0.0,0.0,0.0,50,0.0,0.0,0.0,0.0,50,0.0,0.0,0.0,0.0,50,84.14,2.2498072479795295,83.50061185465272,84.77938814534728
0.8,5.0,soft,50,50,246.34130268024924,13.199887736689686,242.5899360925854,250.0926692679131,0,,,,,50,0.128,0.013997084244475306,0.12402207267161129,0.1319779273283887,50,0.23184351588853247,0.0192056148413521,0.22638534054275808,0.23730169123430686,50,0.6171099999999999,0.043749611076988534,0.6046764981027587,0.6295435018972412,50,0.0,0.0,0.0,0.0,50,0.0,0.0,0.0,0.0,50,0.7880553704914612,0.39107460673107525,0.6769131969942604,0.899197543988662,50,0.0,0.0,0.0,0.0,50,0.0,0.0,0.0,0.0,50,87.2,1.3997084244475304,86.80220726716114,87.59779273283887
0.8,13.0,hard,50,50,245.7072457796925,13.217839734459115,241.9507772907127,249.4637142686723,50,0.006897584680431608,0.016240883088445072,0.0022819767762217403,0.011513192584641476,50,0.15860000000000002,0.022498072479795295,0.15220611854652719,0.16499388145347285,50,0.289912278687491,0.0331686657780714,0.28048584817237426,0.2993387092026077,50,0.295,0.029624564062925317,0.2865807920478848,0.3034192079521152,50,0.0,0.0,0.0,0.0,50,0.0,0.0,0.0,0.0,50,0.0,0.0,0.0,0.0,50,0.0,0.0,0.0,0.0,50,0.0,0.0,0.0,0.0,50,84.14,2.2498072479795295,83.50061185465272,84.77938814534728
0.8,13.0,none,50,50,245.7072457796925,13.217839734459115,241.9507772907127,249.4637142686723,0,,,,,50,0.15860000000000002,0.022498072479795295,0.15220611854652719,0.16499388145347285,50,0.289912278687491,0.0331686657780714,0.28048584817237426,0.2993387092026077,50,0.295,0.029624564062925317,0.2865807920478848,0.3034192079521152,50,0.0,0.0,0.0,0.0,50,0.0,0.0,0.0,0.0,50,0.0,0.0,0.0,0.0,50,0.0,0.0,0.0,0.0,50,0.0,0.0,0.0,0.0,50,84.14,2.2498072479795295,83.50061185465272,84.77938814534728
0.8,13.0,soft,50,50,245.70738782609257,13.218160676538542,241.95082812638302,249.46394752580213,0,,,,,50,0.1578,0.022341505256872403,0.15145061445895555,0.16414938554104444,50,0.2873180647567607,0.03241505058146573,0.2781058093107731,0.2965303202027483,50,0.292525,0.02871114277397809,0.2843653835059465,0.3006846164940535,50,0.0,0.0,0.0,0.0,50,0.0,0.0,0.0,0.0,50,0.06972317005665357,0.025654696361367087,0.0624321860220553,0.07701415409125184,50,0.0,0.0,0.0,0.0,50,0.0,0.0,0.0,0.0,50,84.22,2.23415052568724,83.58506144589555,84.85493855410445
1.0,1.5,hard,50,50,255.02690941966614,16.293222854544176,250.39642671851354,259.65739212081877,50,0.9490490179724185,0.5423230936912736,0.7949225000826424,1.1031755358621944,50,0.0622,0.006157789160643519,0.06044997568373942,0.06395002431626058,50,0.08523813764941854,0.004587506867889939,0.08393438262299915,0.08654189267583792,50,0.9598333333333335,0.033977199904916905,0.9501771199618063,0.9694895467048608,50,0.0,0.0,0.0,0.0,50,0.0,0.0,0.0,0.0,50,0.0,0.0,0.0,0.0,50,0.0,0.0,0.0,0.0,50,93.76,0.6246631745450127,93.58247269005034,93.93752730994967,50,0.02,0.14142135623730948,-0.020191504742584774,0.06019150474258478
1.0,1.5,none,50,50,245.23575343654753,13.227873981131834,241.4764332462161,248.99507362687896,0,,,,,50,0.16820000000000002,0.02455231814983286,0.16122230838668677,0.17517769161331326,50,0.24661704281868851,0.02982803496637288,0.23814000907562866,0.2550940765617484,50,2.7128833333333335,0.2898231442310512,2.6305165070929832,2.795250159573684,50,0.0,0.0,0.0,0.0,50,1.0,0.0,1.0,1.0,50,0.0,0.0,0.0,0.0,50,0.0,0.0,0.0,0.0,50,0.0,0.0,0.0,0.0,50,83.18,2.455231814983286,82.48223083866868,83.87776916133133
1.0,1.5,soft,50,50,255.72708244603828,16.024856868438217,251.172868514259,260.28129637781757,0,,,,,50,0.05,0.004948716593053934,0.048593590305514536,0.05140640969448547,50,0.0702431811590823,0.005298361969779154,0.06873740334799291,0.0717489589701717,50,0.7858499999999999,0.045025342448281665,0.7730539392585799,0.79864606074142,50,0.0,0.0,0.0,0.0,50,0.0,0.0,0.0,0.0,50,1.151708410356222,0.4478361065581953,1.0244347970949323,1.2789820236175118,50,0.0,0.0,0.0,0.0,50,0.0,0.0,0.0,0.0,50,95.0,0.4948716593053935,94.85935903055146,95.14064096944854
1.0,2.0,hard,50,50,253.42149897606757,16.053108895760154,248.859255906962,257.98374204517313,50,1.2476513307846695,0.6984129813126823,1.0491645576582072,1.4461381039111318,50,0.08259999999999999,0.006942915931555921,0.08062684512428059,0.0845731548757194,50,0.11566252102842188,0.005067959683836938,0.11422222282249629,0.11710281923434747,50,0.9642750000000001,0.026743824387270083,0.9566744892052079,0.9718755107947923,50,0.0,0.0,0.0,0.0,50,0.0,0.0,0.0,0.0,50,0.0,0.0,0.0,0.0,50,0.0,0.0,0.0,0.0,50,91.7,0.6776309271789385,91.5074194213091,91.89258057869091,50,0.04,0.28284271247461895,-0.04038300948516955,0.12038300948516956
1.0,2.0,none,50,50,245.23575343654753,13.227873981131834,241.4764332462161,248.99507362687896,0,,,,,50,0.16820000000000002,0.02455231814983286,0.16122230838668677,0.17517769161331326,50,0.24661704281868851,0.02982803496637288,0.23814000907562866,0.2550940765617484,50,2.0346625,0.2173673581732884,1.9728873803197375,2.0964376196802625,50,0.0,0.0,0.0,0.0,50,1.0,0.0,1.0,1.0,50,0.0,0.0,0.0,0.0,50,0.0,0.0,0.0,0.0,50,0.0,0.0,0.0,0.0,50,83.18,2.455231814983286,82.48223083866868,83.87776916133133
1.0,2.0,soft,50,50,252.75985274687545,14.983458975063154,248.50160082171323,257.0181046720377,0,,,,,50,0.06319999999999999,0.0058693253097640416,0.06153195620308355,0.06486804379691644,50,0.08986772850440046,0.008102505574120128,0.0875650218985989,0.09217043511020202,50,0.7570874999999999,0.050851739342255065,0.7426355955824425,0.7715394044175573,50,0.0,0.0,0.0,0.0,50,0.0,0.0,0.0,0.0,50,1.1864109148297861,0.5276459373804976,1.0364555986111519,1.3363662310484203,50,0.0,0.0,0.0,0.0,50,0.0,0.0,0.0,0.0,50,93.68,0.586932530976404,93.51319562030837,93.84680437969165
1.0,3.0,hard,50,50,251.69934649566875,15.837054588043554,247.19850538143254,256.20018760990496,50,1.7627467948766542,0.9913167535754921,1.4810176907102641,2.0444758990430443,50,0.12419999999999998,0.006417450698633204,0.12237618069114954,0.1260238193088504,50,0.17795386023035176,0.005956255302037215,0.17626111120298302,0.1796466092577205,50,0.9784666666666666,0.016731472645010875,0.9737116347531417,0.9832216985801915,50,0.0,0.0,0.0,0.0,50,0.0,0.0,0.0,0.0,50,0.0,0.0,0.0,0.0,50,0.0,0.0,0.0,0.0,50,87.56,0.6439672954048369,87.37698651960386,87.74301348039614,50,0.02,0.14142135623730948,-0.020191504742584774,0.06019150474258478
1.0,3.0,none,50,50,245.23575343654753,13.227873981131834,241.4764332462161,248.99507362687896,0,,,,,50,0.16820000000000002,0.02455231814983286,0.16122230838668677,0.17517769161331326,50,0.24661704281868851,0.02982803496637288,0.23814000907562866,0.2550940765617484,50,1.3564416666666668,0.1449115721155256,1.3152582535464916,1.397625079786842,50,0.0,0.0,0.0,0.0,50,1.0,0.0,1.0,1.0,50,0.0,0.0,0.0,0.0,50,0.0,0.0,0.0,0.0,50,0.0,0.0,0.0,0.0,50,83.18,2.455231814983286,82.48223083866868,83.87776916133133
1.0,3.0,soft,50,50,249.07136081436033,13.997904900835074,245.09320025801475,253.04952137070592,0,,,,,50,0.0906,0.00912721876855045,0.08800607312655635,0.09319392687344365,50,0.12877030729686864,0.009322437270946532,0.12612089993890943,0.13141971465482785,50,0.7203083333333333,0.04082151449809734,0.7087069872764007,0.731909679390266,50,0.0,0.0,0.0,0.0,50,0.0,0.0,0.0,0.0,50,1.245230377930138,0.5369448507867485,1.0926323397619202,1.3978284160983556,50,0.0,0.0,0.0,0.0,50,0.0,0.0,0.0,0.0,50,90.94,0.912721876855045,90.68060731265564,91.19939268734436
1.0,5.0,hard,50,50,245.2479668075158,13.237650202066915,241.485868245936,249.01006536909563,50,0.027743022870701753,0.07708808316090712,0.005834832040178626,0.04965121370122488,50,0.1692,0.02406114659591691,0.16236189779781862,0.17603810220218136,50,0.24722983409942526,0.02903514516817851,0.2389781371437669,0.25548153105508364,50,0.816075,0.08385017995551006,0.7922450425238929,0.839904957476107,50,0.0,0.0,0.0,0.0,50,0.0,0.0,0.0,0.0,50,0.0,0.0,0.0,0.0,50,0.0,0.0,0.0,0.0,50,8.28,23.455594171949336,1.6139938925480308,14.946006107451968,50,74.8,24.850573844645183,67.73754505608741,81.86245494391258
1.0,5.0,none,50,50,245.23575343654753,13.227873981131834,241.4764332462161,248.99507362687896,0,,,,,50,0.16820000000000002,0.02455231814983286,0.16122230838668677,0.17517769161331326,50,0.24661704281868851,0.02982803496637288,0.23814000907562866,0.2550940765617484,50,0.8138649999999998,0.08694694326931537,0.7891549521278948,0.8385750478721049,50,0.0,0.0,0.0,0.0,50,0.02,0.1414213562373095,-0.02019150474258478,0.06019150474258478,50,0.0,0.0,0.0,0.0,50,0.0,0.0,0.0,0.0,50,0.0,0.0,0.0,0.0,50,83.18,2.455231814983286,82.48223083866868,83.87776916133133
1.0,5.0,soft,50,50,246.05375357682274,13.236895790839597,242.29186941654146,249.81563773710403,0,,,,,50,0.12940000000000002,0.01346348046095247,0.12557372118896912,0.1332262788110309,50,0.18848956962777447,0.014504845115310782,0.18436733825655055,0.19261180099899838,50,0.6273149999999998,0.03980144629973918,0.6160035541174318,0.6386264458825679,50,0.0,0.0,0.0,0.0,50,0.0,0.0,0.0,0.0,50,0.849159463823007,0.3671400444878187,0.7448194176530065,0.9534995099930075,50,0.0,0.0,0.0,0.0,50,0.0,0.0,0.0,0.0,50,87.06,1.3463480460952473,86.67737211889691,87.44262788110309
1.0,13.0,hard,50,50,245.23306413258922,13.229333683664672,241.47332909938797,248.99279916579047,50,0.009342938045249344,0.025236609392930938,0.0021707730124043718,0.01651510307809432,50,0.1684,0.024690740229106632,0.16138296926702597,0.17541703073297402,50,0.246922035466107,0.02973639085438766,0.23847104669149805,0.25537302424071595,50,0.31334999999999996,0.03344527970721543,0.3038449566760342,0.32285504332396575,50,0.0,0.0,0.0,0.0,50,0.0,0.0,0.0,0.0,50,0.0,0.0,0.0,0.0,50,0.0,0.0,0.0,0.0,50,0.0,0.0,0.0,0.0,50,83.16,2.4690740229106627,82.4582969267026,83.86170307329739
1.0,13.0,none,50,50,245.23575343654753,13.227873981131834,241.4764332462161,248.99507362687896,0,,,,,50,0.16820000000000002,0.02455231814983286,0.16122230838668677,0.17517769161331326,50,0.24661704281868851,0.02982803496637288,0.23814000907562866,0.2550940765617484,50,0.31302499999999994,0.03344113202665975,0.3035211354338057,0.3225288645661942,50,0.0,0.0,0.0,0.0,50,0.0,0.0,0.0,0.0,50,0.0,0.0,0.0,0.0,50,0.0,0.0,0.0,0.0,50,0.0,0.0,0.0,0.0,50,83.18,2.455231814983286,82.48223083866868,83.87776916133133
1.0,13.0,soft,50,50,245.2330499295288,13.239438170965492,241.47044323281025,248.99565662624732,0,,,,,50,0.1656,0.023400680262220877,0.15894960025301583,0.17225039974698417,50,0.24234182054217507,0.027974060606430984,0.2343916804823804,0.25029196060196973,50,0.30774999999999997,0.031486351108415966,0.2988016780239537,0.31669832197604625,50,0.0,0.0,0.0,0.0,50,0.0,0.0,0.0,0.0,50,0.08317479629031106,0.031222694895527668,0.07430140458089952,0.0920481879997226,50,0.0,0.0,0.0,0.0,50,0.0,0.0,0.0,0.0,50,83.44,2.340068026222088,82.77496002530158,84.10503997469841
