factor,value,distance_layer,independent_instances,offload_rate_n,offload_rate_mean,offload_rate_std,offload_rate_ci95_low,offload_rate_ci95_high,mean_end_to_end_delay_seconds_n,mean_end_to_end_delay_seconds_mean,mean_end_to_end_delay_seconds_std,mean_end_to_end_delay_seconds_ci95_low,mean_end_to_end_delay_seconds_ci95_high,mean_service_quality_n,mean_service_quality_mean,mean_service_quality_std,mean_service_quality_ci95_low,mean_service_quality_ci95_high
bandwidth_mhz,10.0,far,50,50,0.05834224598930479,0.0432016540979982,0.046064471742439494,0.07062002023617009,50,46.46712410118754,9.225135155359515,43.84536969851125,49.088878503863825,50,0.02807061428519373,0.003059275676230299,0.027201177757914505,0.028940050812472955
bandwidth_mhz,10.0,middle,50,50,0.0872738413547237,0.0463807861861429,0.07409256776520211,0.10045511494424529,50,45.532761582540225,6.950127146520629,43.557557302203556,47.507965862876894,50,0.02776100692876177,0.002846531656156234,0.026952031583013115,0.028569982274510426
bandwidth_mhz,10.0,near,50,50,0.1833689839572192,0.05469490266019762,0.16782486460954602,0.1989131033048924,50,42.58066328920234,6.205618078862173,40.81704614478226,44.34428043362242,50,0.02906790896215602,0.0029198200617022827,0.028238105282006886,0.029897712642305157
bandwidth_mhz,20.0,far,50,50,0.08579322638146163,0.04938740381904368,0.07175748151499162,0.09982897124793164,50,45.411186349309816,8.797979981376866,42.91082810388813,47.9115445947315,50,0.02839002602118538,0.003110829595136628,0.027505938032264494,0.029274114010106263
bandwidth_mhz,20.0,middle,50,50,0.12322860962566845,0.057929966084241856,0.10676509542555264,0.13969212382578428,50,44.34727127117204,6.476480476783088,42.5066758849908,46.18786665735328,50,0.02821163872782682,0.0029124101102909515,0.02738394093256816,0.02903933652308548
bandwidth_mhz,20.0,near,50,50,0.22798573975044562,0.054359299032263594,0.21253699789852423,0.243434481602367,50,41.09917247153207,5.51247637921767,39.532544018563925,42.66580092450022,50,0.02968008924794569,0.0030433212172606204,0.028815186927736786,0.030544991568154597
bandwidth_mhz,40.0,far,50,50,0.11333333333333333,0.053201290679788564,0.09821369381382314,0.12845297285284352,50,44.37496960536262,8.166380163573974,42.0541100420922,46.69582916863305,50,0.028730010147127786,0.0030904421714499745,0.02785171619991031,0.029608304094345263
bandwidth_mhz,40.0,middle,50,50,0.16221479500891264,0.060435284539050456,0.1450392771819248,0.17939031283590048,50,43.030339120343214,5.985033896093472,41.32941130703809,44.731266933648335,50,0.028710452319972473,0.0029782235739251725,0.027864050545299685,0.02955685409464526
bandwidth_mhz,40.0,near,50,50,0.2636007130124777,0.055263031710441064,0.24789513317520956,0.2793062928497459,50,40.07796698963978,5.437494234684676,38.53264822636624,41.623285752913326,50,0.030182653978465635,0.0031099013483814274,0.029298829794353703,0.031066478162577568
downlink_power_w,0.5,far,50,50,0.0678609625668449,0.04552422047997439,0.054923122257541875,0.08079880287614793,50,46.09466885099564,8.929940310538582,43.55680789497601,48.63252980701527,50,0.028196988311094243,0.0031082917700263656,0.027313621564089494,0.029080355058098993
downlink_power_w,0.5,middle,50,50,0.11222259358288769,0.05425799782721646,0.09680264121489864,0.12764254595087676,50,44.76423558006647,6.6631538486715645,42.87058820858974,46.6578829515432,50,0.02808712809925372,0.002851956745047058,0.027276610960301508,0.02889764523820593
downlink_power_w,0.5,near,50,50,0.2303743315508021,0.06022052016075325,0.2132598490847988,0.24748881401680536,50,41.152679901971524,5.677068068702195,39.539275008411146,42.7660847955319,50,0.02975721952417145,0.003066601076327058,0.02888570114121948,0.03062873790712342
downlink_power_w,1.0,far,50,50,0.08579322638146163,0.04938740381904368,0.07175748151499162,0.09982897124793164,50,45.411186349309816,8.797979981376866,42.91082810388813,47.9115445947315,50,0.02839002602118538,0.003110829595136628,0.027505938032264494,0.029274114010106263
downlink_power_w,1.0,middle,50,50,0.12322860962566845,0.057929966084241856,0.10676509542555264,0.13969212382578428,50,44.34727127117204,6.476480476783088,42.5066758849908,46.18786665735328,50,0.02821163872782682,0.0029124101102909515,0.02738394093256816,0.02903933652308548
downlink_power_w,1.0,near,50,50,0.22798573975044562,0.054359299032263594,0.21253699789852423,0.243434481602367,50,41.09917247153207,5.51247637921767,39.532544018563925,42.66580092450022,50,0.02968008924794569,0.0030433212172606204,0.028815186927736786,0.030544991568154597
downlink_power_w,2.0,far,50,50,0.09893048128342244,0.04954281119944216,0.08485057012812235,0.11301039243872253,50,44.82387624751941,8.667531059642718,42.36059117545738,47.287161319581436,50,0.028511604617534908,0.0030653065857907252,0.02764045412472283,0.029382755110346985
downlink_power_w,2.0,middle,50,50,0.13289215686274508,0.05829393995765952,0.11632520243232136,0.1494591112931688,50,43.96652750665469,6.209423622543597,42.2018288386869,45.731226174622485,50,0.028325884249414176,0.0029154822528847345,0.02749731336089073,0.029154455137937622
downlink_power_w,2.0,near,50,50,0.2303743315508021,0.057446040906838844,0.21404834736439943,0.24670031573720475,50,40.972557875882096,5.513441737647693,39.40565507108371,42.539460680680484,50,0.02970253968069418,0.003087480550904083,0.028825087416723016,0.030579991944665347
image_payload_mb,0.1,far,50,50,0.16960784313725483,0.05758274840830383,0.15324300710881314,0.18597267916569651,50,43.66456605456038,8.599991201624563,41.22047559776774,46.108656511353026,50,0.02981339452589415,0.0032096248073306445,0.028901229248329694,0.030725559803458608
image_payload_mb,0.1,middle,50,50,0.1836430481283422,0.05778642929651489,0.16722032663194636,0.20006576962473804,50,43.30247500811197,6.027511829663358,41.58947509965833,45.01547491656561,50,0.029342335276703664,0.0031448697050905357,0.02844857319557315,0.03023609735783418
image_payload_mb,0.1,near,50,50,0.2427807486631016,0.04791532791945294,0.22916336313834632,0.2563981341878569,50,42.09149508230096,6.646253453122999,40.20265075009576,43.980339414506155,50,0.030437806036883005,0.002856949875073732,0.029625869866078132,0.031249742207687878
image_payload_mb,0.5,far,50,50,0.08579322638146163,0.04938740381904368,0.07175748151499162,0.09982897124793164,50,45.411186349309816,8.797979981376866,42.91082810388813,47.9115445947315,50,0.02839002602118538,0.003110829595136628,0.027505938032264494,0.029274114010106263
image_payload_mb,0.5,middle,50,50,0.12322860962566845,0.057929966084241856,0.10676509542555264,0.13969212382578428,50,44.34727127117204,6.476480476783088,42.5066758849908,46.18786665735328,50,0.02821163872782682,0.0029124101102909515,0.02738394093256816,0.02903933652308548
image_payload_mb,0.5,near,50,50,0.22798573975044562,0.054359299032263594,0.21253699789852423,0.243434481602367,50,41.09917247153207,5.51247637921767,39.532544018563925,42.66580092450022,50,0.02968008924794569,0.0030433212172606204,0.028815186927736786,0.030544991568154597
image_payload_mb,1.0,far,50,50,0.04704099821746879,0.04170283802251462,0.03518918278622237,0.0588928136487152,50,46.88212550204168,9.324512834139147,44.23212827554976,49.5321227285336,50,0.02796116753555611,0.00305813125946398,0.027092056247923248,0.02883027882318897
image_payload_mb,1.0,middle,50,50,0.07509135472370765,0.043623203787463594,0.06269377738066108,0.08748893206675422,50,46.01042048468574,7.308329665756203,43.93341617475167,48.08742479461981,50,0.027633359176956043,0.002856349044833187,0.02682159376021622,0.028445124593695865
image_payload_mb,1.0,near,50,50,0.18160427807486623,0.05181010959916699,0.16688000784389384,0.19632854830583862,50,42.861216081828246,6.470082523100929,41.02243897396509,44.699993189691405,50,0.029106400174226166,0.0028834650446380138,0.028286928475608188,0.029925871872844144
path_loss_exponent,3.0,far,50,50,0.13716577540106947,0.05527584660960406,0.1214565536097557,0.15287499719238323,50,43.192463509961016,7.637282106803924,41.02197195067354,45.36295506924849,50,0.028913825924949482,0.00317736694759614,0.028010828229686594,0.02981682362021237
path_loss_exponent,3.0,middle,50,50,0.1566299019607843,0.06389140936032799,0.13847216432738865,0.17478763959417995,50,42.817102650387824,5.511089144539524,41.25086844515304,44.38333685562261,50,0.02853982086541343,0.0029692735948452643,0.027695962646651903,0.029383679084174955
path_loss_exponent,3.0,near,50,50,0.2166844919786096,0.06452826233146143,0.1983457627334047,0.23502322122381447,50,40.94712311199043,5.425711592780153,39.40515293849558,42.489093285485275,50,0.029363619885336506,0.0030545286322942932,0.028495532453016795,0.030231707317656217
path_loss_exponent,3.5,far,50,50,0.08579322638146163,0.04938740381904368,0.07175748151499162,0.09982897124793164,50,45.411186349309816,8.797979981376866,42.91082810388813,47.9115445947315,50,0.02839002602118538,0.003110829595136628,0.027505938032264494,0.029274114010106263
path_loss_exponent,3.5,middle,50,50,0.12322860962566845,0.057929966084241856,0.10676509542555264,0.13969212382578428,50,44.34727127117204,6.476480476783088,42.5066758849908,46.18786665735328,50,0.02821163872782682,0.0029124101102909515,0.02738394093256816,0.02903933652308548
path_loss_exponent,3.5,near,50,50,0.22798573975044562,0.054359299032263594,0.21253699789852423,0.243434481602367,50,41.09917247153207,5.51247637921767,39.532544018563925,42.66580092450022,50,0.02968008924794569,0.0030433212172606204,0.028815186927736786,0.030544991568154597
path_loss_exponent,3.8,far,50,50,0.044099821746880555,0.03315515844647302,0.03467722997293023,0.053522413520830876,50,47.07709339308073,9.156994651822254,44.47470430724163,49.67948247891983,50,0.027961115245362836,0.0030630070226060576,0.027090618281176856,0.028831612209548815
path_loss_exponent,3.8,middle,50,50,0.08657531194295899,0.049481254642464764,0.07251289496758702,0.10063772891833096,50,45.758031134299664,7.091630441814904,43.742612062398074,47.773450206201254,50,0.027821269463795092,0.002912123581751732,0.026993653099046288,0.028648885828543896
path_loss_exponent,3.8,near,50,50,0.24160427807486629,0.05280934656741225,0.22659602783962352,0.25661252831010906,50,41.342846103216615,6.0300057811083345,39.629137421604554,43.05655478482868,50,0.03008802115035685,0.0031314467544062085,0.029198073829602298,0.030977968471111405
uplink_power_w,0.1,far,50,50,0.08577540106951868,0.04900507425623306,0.07184831306256251,0.09970248907647486,50,45.42324061604407,8.871042464670536,42.902118242615614,47.94436298947252,50,0.02839512671592104,0.003133301854852285,0.027504652181453083,0.029285601250389
uplink_power_w,0.1,middle,50,50,0.12383467023172905,0.058388636649621475,0.10724080329922389,0.1404285371642342,50,44.30634987228703,6.484227149767268,42.46355290600313,46.14914683857093,50,0.02820874303119182,0.0029075868071000983,0.027382416003533104,0.02903507005885054
uplink_power_w,0.1,near,50,50,0.22862745098039208,0.05587238286184803,0.21274869546200137,0.2445062064987828,50,41.0520245216853,5.515051240605595,39.48466430120736,42.619384742163234,50,0.029669031065701613,0.003025889170131249,0.02880908287847173,0.030528979252931496
uplink_power_w,0.2,far,50,50,0.08579322638146163,0.04938740381904368,0.07175748151499162,0.09982897124793164,50,45.411186349309816,8.797979981376866,42.91082810388813,47.9115445947315,50,0.02839002602118538,0.003110829595136628,0.027505938032264494,0.029274114010106263
uplink_power_w,0.2,middle,50,50,0.12322860962566845,0.057929966084241856,0.10676509542555264,0.13969212382578428,50,44.34727127117204,6.476480476783088,42.5066758849908,46.18786665735328,50,0.02821163872782682,0.0029124101102909515,0.02738394093256816,0.02903933652308548
uplink_power_w,0.2,near,50,50,0.22798573975044562,0.054359299032263594,0.21253699789852423,0.243434481602367,50,41.09917247153207,5.51247637921767,39.532544018563925,42.66580092450022,50,0.02968008924794569,0.0030433212172606204,0.028815186927736786,0.030544991568154597
uplink_power_w,0.4,far,50,50,0.08340463458110513,0.04987548635604019,0.06923017819239832,0.09757909096981193,50,45.48245285122743,8.841790739046914,42.96964372623903,47.99526197621583,50,0.02835472926209235,0.003099759953096864,0.02747378723063063,0.02923567129355407
uplink_power_w,0.4,middle,50,50,0.12629679144385025,0.05698448127005081,0.1101019810548465,0.142491601832854,50,44.28184861007383,6.428570085960803,42.45486920630986,46.1088280138378,50,0.028260266993204396,0.002877462968268638,0.02744250106581704,0.029078032920591752
uplink_power_w,0.4,near,50,50,0.2274153297682709,0.054873795897853704,0.2118203695249864,0.24301029001155539,50,41.179897769173174,5.528285182585072,39.60877650399886,42.751019034347486,50,0.02970502260660628,0.003054636779209609,0.028836904439273305,0.030573140773939255
