gmt_create,predict_type,predict_status,exec_time_seconds,groupId,prompt_length,negative_prompt_length,num_images_per_prompt,num_inference_steps,checkpoint_model_version_id,num_lora,source_row,source_date,task_pool_id,task_index,task_uid
2024-11-28 00:05:59,TXT_2_IMG,SUCCEED,52.0,G0543,49.0,0.0,4.0,30.0,M0054,1,11298,2024-11-28,3,0,pool03-task000
2024-11-28 00:07:30,IMG_2_IMG,SUCCEED,66.0,G0886,7.0,0.0,8.0,30.0,M0001,1,11303,2024-11-28,3,1,pool03-task001
2024-11-28 00:07:34,TXT_2_IMG,SUCCEED,32.0,G1875,30.0,26.0,8.0,40.0,M0001,0,11304,2024-11-28,3,2,pool03-task002
2024-11-28 00:08:28,IMG_2_IMG,SUCCEED,29.0,G1884,104.0,0.0,1.0,30.0,M0026,1,11308,2024-11-28,3,3,pool03-task003
2024-11-28 00:08:32,TXT_2_IMG,SUCCEED,31.0,G1888,2.0,26.0,1.0,40.0,M0001,0,11310,2024-11-28,3,4,pool03-task004
2024-11-28 00:10:48,IMG_2_IMG,SUCCEED,21.0,G0886,7.0,0.0,8.0,30.0,M0001,1,11324,2024-11-28,3,5,pool03-task005
2024-11-28 00:18:43,TXT_2_IMG,SUCCEED,18.0,G1752,49.0,26.0,1.0,30.0,M0006,0,11343,2024-11-28,3,6,pool03-task006
2024-11-28 00:18:44,TXT_2_IMG,SUCCEED,17.0,G1895,40.0,26.0,1.0,30.0,M0010,0,11344,2024-11-28,3,7,pool03-task007
2024-11-28 00:30:47,TXT_2_IMG,SUCCEED,21.0,G1898,70.0,26.0,4.0,30.0,M0009,0,11383,2024-11-28,3,8,pool03-task008
2024-11-28 00:32:16,TXT_2_IMG,SUCCEED,23.0,G1906,39.0,26.0,1.0,30.0,M0002,0,11386,2024-11-28,3,9,pool03-task009
2024-11-28 00:33:00,TXT_2_IMG,SUCCEED,21.0,G1903,91.0,26.0,1.0,30.0,M0010,0,11387,2024-11-28,3,10,pool03-task010
2024-11-28 00:40:06,TXT_2_IMG,SUCCEED,33.0,G1754,19.0,26.0,4.0,40.0,M0001,0,11422,2024-11-28,3,11,pool03-task011
2024-11-28 00:46:45,IMG_2_IMG,SUCCEED,57.0,G1875,34.0,0.0,4.0,30.0,M0001,0,11466,2024-11-28,3,12,pool03-task012
2024-11-28 00:50:37,TXT_2_IMG,SUCCEED,9.0,G1923,21.0,26.0,1.0,30.0,M0002,0,11483,2024-11-28,3,13,pool03-task013
2024-11-28 01:02:05,TXT_2_IMG,SUCCEED,29.0,G1914,8.0,0.0,8.0,30.0,M0001,1,11519,2024-11-28,3,14,pool03-task014
2024-11-28 01:25:10,TXT_2_IMG,SUCCEED,26.0,G0879,61.0,26.0,1.0,30.0,M0002,0,11566,2024-11-28,3,15,pool03-task015
2024-11-28 01:38:02,TXT_2_IMG,SUCCEED,27.0,G1934,58.0,26.0,8.0,30.0,M0002,0,11588,2024-11-28,3,16,pool03-task016
2024-11-28 01:47:59,TXT_2_IMG,SUCCEED,25.0,G1937,51.0,26.0,8.0,30.0,M0002,0,11595,2024-11-28,3,17,pool03-task017
2024-11-28 02:10:46,TXT_2_IMG,SUCCEED,32.0,G1053,2.0,0.0,1.0,30.0,M0004,0,11614,2024-11-28,3,18,pool03-task018
2024-11-28 02:17:50,TXT_2_IMG,SUCCEED,37.0,G1801,5.0,26.0,1.0,40.0,M0001,0,11627,2024-11-28,3,19,pool03-task019
2024-11-28 02:23:38,TXT_2_IMG,SUCCEED,16.0,G1801,47.0,26.0,1.0,30.0,M0002,0,11638,2024-11-28,3,20,pool03-task020
2024-11-28 02:25:46,TXT_2_IMG,SUCCEED,24.0,G1801,44.0,26.0,2.0,30.0,M0002,0,11641,2024-11-28,3,21,pool03-task021
2024-11-28 02:28:01,TXT_2_IMG,SUCCEED,7.0,G0231,48.0,26.0,1.0,30.0,M0002,0,11643,2024-11-28,3,22,pool03-task022
2024-11-28 02:35:36,TXT_2_IMG,SUCCEED,14.0,G1933,42.0,26.0,1.0,30.0,M0006,0,11655,2024-11-28,3,23,pool03-task023
2024-11-28 02:59:15,TXT_2_IMG,SUCCEED,20.0,G1957,57.0,26.0,1.0,30.0,M0002,0,11692,2024-11-28,3,24,pool03-task024
2024-11-28 03:03:11,INPAINTING,SUCCEED,28.0,G0316,0.0,0.0,4.0,30.0,M0001,0,11701,2024-11-28,3,25,pool03-task025
2024-11-28 03:03:50,TXT_2_IMG,SUCCEED,19.0,G1958,62.0,26.0,1.0,30.0,M0002,0,11703,2024-11-28,3,26,pool03-task026
2024-11-28 03:36:46,TXT_2_IMG,SUCCEED,38.0,G1969,10.0,26.0,1.0,40.0,M0001,0,11730,2024-11-28,3,27,pool03-task027
2024-11-28 03:40:40,IMG_2_IMG,SUCCEED,15.0,G1961,24.0,26.0,1.0,30.0,M0004,0,11734,2024-11-28,3,28,pool03-task028
2024-11-28 04:45:29,IMG_2_IMG,SUCCEED,19.0,G1980,76.0,0.0,4.0,30.0,M0001,0,11776,2024-11-28,3,29,pool03-task029
2024-11-28 04:55:10,INPAINTING,SUCCEED,20.0,G1980,35.0,0.0,8.0,30.0,M0001,0,11781,2024-11-28,3,30,pool03-task030
2024-11-28 05:51:31,IMG_2_IMG,SUCCEED,63.0,G1526,100.0,0.0,8.0,30.0,M0001,3,11796,2024-11-28,3,31,pool03-task031
2024-11-28 05:57:36,TXT_2_IMG,SUCCEED,14.0,G1985,47.0,26.0,4.0,30.0,M0002,0,11800,2024-11-28,3,32,pool03-task032
2024-11-28 06:19:24,TXT_2_IMG,SUCCEED,24.0,G1986,65.0,26.0,4.0,30.0,M0010,0,11806,2024-11-28,3,33,pool03-task033
2024-11-28 06:27:48,TXT_2_IMG,SUCCEED,9.0,G1987,64.0,26.0,1.0,30.0,M0002,0,11812,2024-11-28,3,34,pool03-task034
2024-11-28 06:50:57,IMG_2_IMG,SUCCEED,59.0,G1526,112.0,0.0,8.0,30.0,M0001,3,11825,2024-11-28,3,35,pool03-task035
2024-11-28 07:11:17,TXT_2_IMG,SUCCEED,61.0,G1526,142.0,0.0,8.0,30.0,M0001,3,11844,2024-11-28,3,36,pool03-task036
2024-11-28 07:17:34,IMG_2_IMG,SUCCEED,58.0,G1526,142.0,0.0,8.0,30.0,M0001,3,11852,2024-11-28,3,37,pool03-task037
2024-11-28 16:36:56,TXT_2_IMG,SUCCEED,53.0,G1990,56.0,26.0,8.0,30.0,M0010,0,11898,2024-11-28,3,38,pool03-task038
2024-11-28 16:54:38,TXT_2_IMG,SUCCEED,28.0,G0468,67.0,26.0,1.0,30.0,M0037,1,11933,2024-11-28,3,39,pool03-task039
2024-11-28 16:56:51,TXT_2_IMG,SUCCEED,18.0,G2008,62.0,26.0,1.0,30.0,M0002,0,11942,2024-11-28,3,40,pool03-task040
2024-11-28 17:05:54,TXT_2_IMG,SUCCEED,27.0,G1851,48.0,26.0,1.0,53.0,M0027,0,11951,2024-11-28,3,41,pool03-task041
2024-11-28 17:19:11,TXT_2_IMG,SUCCEED,17.0,G2016,51.0,26.0,1.0,30.0,M0002,0,11989,2024-11-28,3,42,pool03-task042
2024-11-28 17:26:47,TXT_2_IMG,SUCCEED,16.0,G2025,71.0,26.0,1.0,30.0,M0010,0,12014,2024-11-28,3,43,pool03-task043
2024-11-28 17:28:01,TXT_2_IMG,SUCCEED,11.0,G2024,44.0,26.0,1.0,30.0,M0010,0,12017,2024-11-28,3,44,pool03-task044
2024-11-28 17:42:25,IMG_2_IMG,SUCCEED,42.0,G0074,119.0,0.0,3.0,30.0,M0003,0,12052,2024-11-28,3,45,pool03-task045
2024-11-28 17:49:38,TXT_2_IMG,SUCCEED,23.0,G2034,64.0,26.0,8.0,30.0,M0002,0,12072,2024-11-28,3,46,pool03-task046
2024-11-28 17:51:00,TXT_2_IMG,SUCCEED,22.0,G2038,60.0,26.0,2.0,30.0,M0016,0,12077,2024-11-28,3,47,pool03-task047
2024-11-28 17:51:04,TXT_2_IMG,SUCCEED,24.0,G2034,13.0,26.0,2.0,30.0,M0004,0,12078,2024-11-28,3,48,pool03-task048
2024-11-28 17:52:42,TXT_2_IMG,SUCCEED,43.0,G2028,63.0,0.0,1.0,30.0,M0001,0,12084,2024-11-28,3,49,pool03-task049
2024-11-28 17:54:27,TXT_2_IMG,SUCCEED,34.0,G0146,207.0,0.0,1.0,30.0,M0001,1,12096,2024-11-28,3,50,pool03-task050
2024-11-28 17:56:16,TXT_2_IMG,SUCCEED,40.0,G1413,9.0,26.0,2.0,40.0,M0001,0,12107,2024-11-28,3,51,pool03-task051
2024-11-28 17:56:57,TXT_2_IMG,SUCCEED,23.0,G2042,25.0,26.0,8.0,76.0,M0004,0,12109,2024-11-28,3,52,pool03-task052
2024-11-28 17:57:06,IMG_2_IMG,SUCCEED,14.0,G2041,3.0,0.0,1.0,30.0,M0001,0,12110,2024-11-28,3,53,pool03-task053
2024-11-28 18:04:15,IMG_2_IMG,SUCCEED,8.0,G0432,30.0,64.0,1.0,30.0,M0004,0,12139,2024-11-28,3,54,pool03-task054
2024-11-28 18:07:25,TXT_2_IMG,SUCCEED,17.0,G2044,115.0,0.0,1.0,30.0,M0004,0,12155,2024-11-28,3,55,pool03-task055
2024-11-28 18:16:08,TXT_2_IMG,SUCCEED,17.0,G2051,85.0,26.0,1.0,30.0,M0000,0,12190,2024-11-28,3,56,pool03-task056
2024-11-28 18:20:34,TXT_2_IMG,SUCCEED,27.0,G2005,4.0,26.0,1.0,30.0,M0015,0,12211,2024-11-28,3,57,pool03-task057
2024-11-28 18:32:35,TXT_2_IMG,SUCCEED,18.0,G1922,52.0,26.0,2.0,30.0,M0002,0,12275,2024-11-28,3,58,pool03-task058
2024-11-28 18:35:40,IMG_2_IMG,SUCCEED,58.0,G1560,1.0,62.0,1.0,30.0,M0028,0,12290,2024-11-28,3,59,pool03-task059
2024-11-28 18:38:05,IMG_2_IMG,SUCCEED,49.0,G1560,1.0,62.0,1.0,30.0,M0028,0,12293,2024-11-28,3,60,pool03-task060
2024-11-28 18:41:42,TXT_2_IMG,SUCCEED,21.0,G2073,65.0,26.0,4.0,30.0,M0002,0,12300,2024-11-28,3,61,pool03-task061
2024-11-28 18:42:52,TXT_2_IMG,SUCCEED,35.0,G0146,45.0,0.0,8.0,30.0,M0001,1,12305,2024-11-28,3,62,pool03-task062
2024-11-28 18:44:44,IMG_2_IMG,SUCCEED,13.0,G1391,6.0,0.0,1.0,30.0,M0001,0,12313,2024-11-28,3,63,pool03-task063
2024-11-28 18:49:04,IMG_2_IMG,SUCCEED,12.0,G1560,2.0,62.0,1.0,30.0,M0027,0,12325,2024-11-28,3,64,pool03-task064
2024-11-28 19:36:56,TXT_2_IMG,SUCCEED,13.0,G1560,36.0,62.0,1.0,30.0,M0027,0,12384,2024-11-28,3,65,pool03-task065
2024-11-28 19:41:04,TXT_2_IMG,SUCCEED,10.0,G1560,36.0,62.0,1.0,30.0,M0027,0,12388,2024-11-28,3,66,pool03-task066
2024-11-28 20:14:59,TXT_2_IMG,SUCCEED,82.0,G0389,23.0,0.0,8.0,30.0,M0003,1,12406,2024-11-28,3,67,pool03-task067
2024-11-28 20:43:11,TXT_2_IMG,SUCCEED,34.0,G0601,14.0,26.0,2.0,40.0,M0001,0,12445,2024-11-28,3,68,pool03-task068
2024-11-28 20:53:15,IMG_2_IMG,SUCCEED,22.0,G2096,67.0,3.0,1.0,30.0,M0015,2,12483,2024-11-28,3,69,pool03-task069
2024-11-28 20:59:46,TXT_2_IMG,SUCCEED,16.0,G2107,48.0,26.0,1.0,30.0,M0000,0,12511,2024-11-28,3,70,pool03-task070
2024-11-28 21:28:02,TXT_2_IMG,SUCCEED,20.0,G2128,53.0,26.0,1.0,30.0,M0014,0,12587,2024-11-28,3,71,pool03-task071
2024-11-28 21:30:06,IMG_2_IMG,SUCCEED,14.0,G1719,62.0,26.0,1.0,30.0,M0033,0,12601,2024-11-28,3,72,pool03-task072
2024-11-28 21:31:27,IMG_2_IMG,SUCCEED,8.0,G1719,63.0,26.0,1.0,30.0,M0033,0,12611,2024-11-28,3,73,pool03-task073
2024-11-28 21:47:11,TXT_2_IMG,SUCCEED,24.0,G2146,49.0,26.0,1.0,30.0,M0002,0,12697,2024-11-28,3,74,pool03-task074
2024-11-28 21:47:15,TXT_2_IMG,SUCCEED,20.0,G2119,48.0,26.0,1.0,30.0,M0000,0,12698,2024-11-28,3,75,pool03-task075
2024-11-28 21:53:25,TXT_2_IMG,SUCCEED,14.0,G2152,56.0,26.0,4.0,30.0,M0002,0,12736,2024-11-28,3,76,pool03-task076
2024-11-28 21:55:34,TXT_2_IMG,SUCCEED,24.0,G2146,5.0,26.0,1.0,30.0,M0044,0,12747,2024-11-28,3,77,pool03-task077
2024-11-28 21:57:11,TXT_2_IMG,SUCCEED,24.0,G2156,56.0,26.0,8.0,30.0,M0010,0,12755,2024-11-28,3,78,pool03-task078
2024-11-28 22:21:25,IMG_2_IMG,SUCCEED,22.0,G2149,90.0,26.0,4.0,30.0,M0004,1,12866,2024-11-28,3,79,pool03-task079
2024-11-28 22:24:20,TXT_2_IMG,SUCCEED,11.0,G1776,59.0,26.0,1.0,30.0,M0002,0,12881,2024-11-28,3,80,pool03-task080
2024-11-28 22:25:51,TXT_2_IMG,SUCCEED,11.0,G2181,46.0,26.0,1.0,30.0,M0002,0,12887,2024-11-28,3,81,pool03-task081
2024-11-28 22:33:25,TXT_2_IMG,SUCCEED,19.0,G2186,266.0,26.0,1.0,30.0,M0004,0,12917,2024-11-28,3,82,pool03-task082
2024-11-28 22:34:09,TXT_2_IMG,SUCCEED,13.0,G2178,61.0,28.0,1.0,30.0,M0004,0,12921,2024-11-28,3,83,pool03-task083
2024-11-28 22:34:10,TXT_2_IMG,SUCCEED,18.0,G2183,13.0,28.0,1.0,30.0,M0016,0,12922,2024-11-28,3,84,pool03-task084
2024-11-28 22:36:31,TXT_2_IMG,SUCCEED,15.0,G2189,61.0,26.0,1.0,30.0,M0002,0,12928,2024-11-28,3,85,pool03-task085
2024-11-28 22:37:41,TXT_2_IMG,SUCCEED,15.0,G1957,57.0,26.0,1.0,30.0,M0002,0,12936,2024-11-28,3,86,pool03-task086
2024-11-28 22:39:37,TXT_2_IMG,SUCCEED,16.0,G2183,76.0,28.0,1.0,30.0,M0026,0,12947,2024-11-28,3,87,pool03-task087
2024-11-28 22:47:02,TXT_2_IMG,SUCCEED,20.0,G2183,74.0,28.0,1.0,30.0,M0015,0,12981,2024-11-28,3,88,pool03-task088
2024-11-28 22:47:18,TXT_2_IMG,SUCCEED,22.0,G2192,35.0,26.0,1.0,30.0,M0002,0,12982,2024-11-28,3,89,pool03-task089
2024-11-28 22:56:39,TXT_2_IMG,SUCCEED,23.0,G2183,74.0,28.0,1.0,30.0,M0020,0,13011,2024-11-28,3,90,pool03-task090
2024-11-28 23:06:28,TXT_2_IMG,SUCCEED,20.0,G2206,52.0,26.0,1.0,30.0,M0002,0,13032,2024-11-28,3,91,pool03-task091
2024-11-28 23:12:25,TXT_2_IMG,SUCCEED,17.0,G2211,63.0,26.0,1.0,30.0,M0002,0,13047,2024-11-28,3,92,pool03-task092
2024-11-28 23:16:33,TXT_2_IMG,SUCCEED,23.0,G2214,49.0,26.0,1.0,30.0,M0002,0,13061,2024-11-28,3,93,pool03-task093
2024-11-28 23:17:05,TXT_2_IMG,SUCCEED,18.0,G2216,58.0,26.0,2.0,30.0,M0010,0,13065,2024-11-28,3,94,pool03-task094
2024-11-28 23:22:51,TXT_2_IMG,SUCCEED,22.0,G0264,9.0,26.0,1.0,30.0,M0026,0,13087,2024-11-28,3,95,pool03-task095
2024-11-28 23:24:14,TXT_2_IMG,SUCCEED,22.0,G0264,11.0,26.0,1.0,30.0,M0026,0,13093,2024-11-28,3,96,pool03-task096
2024-11-28 23:43:12,TXT_2_IMG,SUCCEED,27.0,G2202,57.0,26.0,2.0,30.0,M0000,0,13163,2024-11-28,3,97,pool03-task097
2024-11-28 23:50:51,TXT_2_IMG,SUCCEED,20.0,G2237,62.0,26.0,1.0,30.0,M0002,0,13197,2024-11-28,3,98,pool03-task098
2024-11-28 23:59:18,TXT_2_IMG,SUCCEED,23.0,G2243,19.0,26.0,1.0,30.0,M0004,0,13215,2024-11-28,3,99,pool03-task099
